Type,Name,Request Count,Failure Count,Median Response Time,Average Response Time,Min Response Time,Max Response Time,Average Content Size,Requests/s,Failures/s,50%,66%,75%,80%,90%,95%,98%,99%,99.9%,99.99%,100%
DELETE,DELETE /user/[email] [cleanup],1,0,5709.395500016399,5709.395500016399,5709.395500016399,5709.395500016399,65.0,0.005392109411643723,0.0,5700,5700,5700,5700,5700,5700,5700,5700,5700,5700,5700
GET,GET /user/[email],72,0,790,798.8457291661083,682.41969999508,947.4476000177674,1794.861111111111,0.3882318776383481,0.0,800,810,820,830,860,870,940,950,950,950,950
POST,POST /auth/login,47,0,960,968.0764765938139,896.9639000133611,1075.8669000060763,56.0,0.253429142347255,0.0,960,970,980,990,1000,1100,1100,1100,1100,1100,1100
POST,POST /auth/signup [setup],5,0,3000,3037.1876399964094,2822.100799996406,3257.169399992563,65.0,0.02696054705821862,0.0,3000,3100,3100,3300,3300,3300,3300,3300,3300,3300,3300
POST,POST /user/[email]/description,35,0,2700,2624.7914228571713,2203.4331999893766,3008.5086000035517,1129.0,0.18872382940753032,0.0,2700,2700,2700,2700,2800,3000,3000,3000,3000,3000,3000
POST,POST /user/[email]/profile-photo,61,0,5900,5801.45675737886,3912.7125999948476,6765.838400024222,1126.0819672131147,0.32891867411026715,0.0,5900,6000,6100,6100,6300,6400,6600,6800,6800,6800,6800
,Aggregated,221,0,1000,2577.684989140176,682.41969999508,6765.838400024222,1088.0452488687783,1.191656179973263,0.0,1000,2700,5500,5800,6000,6100,6400,6500,6800,6800,6800
