Type,Name,Request Count,Failure Count,Median Response Time,Average Response Time,Min Response Time,Max Response Time,Average Content Size,Requests/s,Failures/s,50%,66%,75%,80%,90%,95%,98%,99%,99.9%,99.99%,100%
DELETE,DELETE /user/[email] [cleanup],19,0,13000,12060.114326314713,7818.664500009618,13450.764799999888,65.0,0.09834202289988772,0.0,13000,13000,13000,13000,13000,13000,13000,13000,13000,13000,13000
GET,GET /user/[email],85,0,1000,1051.1809823531246,781.5523999888683,1396.874600002775,1019.0117647058823,0.43995115507844507,0.0,1000,1100,1200,1200,1200,1300,1400,1400,1400,1400,1400
POST,POST /auth/login,43,0,1200,1228.0941720930778,1010.7185000088066,1682.375599993975,56.0,0.2225635255102722,0.0,1200,1300,1300,1300,1400,1400,1700,1700,1700,1700,1700
POST,POST /auth/signup [setup],20,0,4700,4909.813684999972,3848.4229000023333,5667.775499998243,65.0,0.10351791884198706,0.0,4700,5300,5500,5600,5700,5700,5700,5700,5700,5700,5700
POST,POST /user/[email]/description,515,0,4600,4592.343263107115,2717.0226000016555,6545.366100006504,1129.0,2.665586410181167,0.0,4600,4900,5200,5300,5600,5900,6100,6200,6500,6500,6500
,Aggregated,682,0,4400,4156.23703709701,781.5523999888683,13450.764799999888,986.7947214076246,3.529961032511759,0.0,4400,4800,5100,5300,5600,5900,12000,13000,13000,13000,13000
