Type,Name,Request Count,Failure Count,Median Response Time,Average Response Time,Min Response Time,Max Response Time,Average Content Size,Requests/s,Failures/s,50%,66%,75%,80%,90%,95%,98%,99%,99.9%,99.99%,100%
DELETE,DELETE /user/[email] [cleanup],12,0,11000,11269.584424999872,9293.81889999786,12742.63300000166,65.0,0.062339503252074054,0.0,12000,12000,12000,12000,13000,13000,13000,13000,13000,13000,13000
GET,GET /user/[email],456,0,890,904.4512635961853,698.9344999892637,1334.9659999948926,1554.627192982456,2.368901123578814,0.0,890,930,960,980,1000,1100,1200,1200,1300,1300,1300
POST,POST /auth/login,212,0,1000,1064.783440565664,919.2876000015531,1502.1834999934072,56.0,1.1013312241199749,0.0,1000,1100,1100,1100,1200,1200,1300,1300,1500,1500,1500
POST,POST /auth/signup [setup],15,0,5600,5644.6402666644035,4613.387699995656,6557.0411999942735,65.0,0.07792437906509257,0.0,5600,6100,6200,6300,6400,6600,6600,6600,6600,6600,6600
POST,POST /user/[email]/description,41,0,2900,2904.3686341475864,2493.6313000071095,3387.921200002893,1129.0,0.2129933027779197,0.0,2900,3000,3000,3000,3200,3300,3400,3400,3400,3400,3400
POST,POST /user/[email]/profile-photo,99,0,6400,6149.602649494567,4089.468099991791,7851.90270000021,1126.1515151515152,0.514300901829611,0.0,6400,6500,6600,6700,6900,7000,7400,7900,7900,7900,7900
,Aggregated,835,0,990,1899.3512083829476,698.9344999892637,12742.63300000166,1054.2694610778442,4.337790434623487,0.0,990,1100,1200,2500,6200,6500,7000,11000,13000,13000,13000
