Type,Name,Request Count,Failure Count,Median Response Time,Average Response Time,Min Response Time,Max Response Time,Average Content Size,Requests/s,Failures/s,50%,66%,75%,80%,90%,95%,98%,99%,99.9%,99.99%,100%
DELETE,DELETE /user/[email] [cleanup],4,0,9400,9292.27772500235,8759.164899995085,9631.90740000573,65.0,0.02112201089530226,0.0,9400,9400,9600,9600,9600,9600,9600,9600,9600,9600,9600
GET,GET /user/[email],498,0,880,894.6046030117773,709.0216999931727,1198.9210000028834,975.5180722891566,2.6296903564651313,0.0,880,920,950,980,1000,1100,1100,1200,1200,1200,1200
POST,POST /auth/login,265,0,1000,1059.3995022642391,894.7594999917783,1340.5875000025844,56.0,1.3993332218137746,0.0,1000,1100,1100,1100,1200,1300,1300,1300,1300,1300,1300
POST,POST /auth/signup [setup],15,0,4000,3976.0159933318696,3374.8944999970263,4370.666999995592,65.0,0.07920754085738346,0.0,4000,4100,4300,4400,4400,4400,4400,4400,4400,4400,4400
POST,POST /user/[email]/description,170,0,2900,2896.717586470186,2374.3780000077095,3464.174399996409,1129.0,0.897685463050346,0.0,2900,3000,3000,3100,3200,3300,3300,3400,3500,3500,3500
,Aggregated,952,0,980,1381.8332992645028,709.0216999931727,9631.90740000573,728.7951680672269,5.0270385930819375,0.0,990,1100,1200,1300,2900,3100,3400,4100,9600,9600,9600
