Type,Name,Request Count,Failure Count,Median Response Time,Average Response Time,Min Response Time,Max Response Time,Average Content Size,Requests/s,Failures/s,50%,66%,75%,80%,90%,95%,98%,99%,99.9%,99.99%,100%
DELETE,DELETE /user/[email] [cleanup],5,0,9000,8806.897919997573,7657.38830002374,9635.161400015932,65.0,0.026403207920668272,0.0,9000,9600,9600,9600,9600,9600,9600,9600,9600,9600,9600
GET,GET /user/[email],248,0,860,873.5528008052619,723.6881999997422,1162.014100002125,979.8548387096774,1.3095991128651463,0.0,860,890,920,940,1000,1000,1100,1100,1200,1200,1200
POST,POST /auth/login,139,0,1100,1082.2785676267708,939.1968999989331,1283.41940001701,56.0,0.734009180194578,0.0,1100,1100,1100,1200,1200,1200,1300,1300,1300,1300,1300
POST,POST /auth/signup [setup],15,0,3800,3727.406586665893,2981.1427000095136,4417.096999997739,65.0,0.07920962376200481,0.0,3800,3900,4000,4000,4400,4400,4400,4400,4400,4400,4400
POST,POST /user/[email]/description,368,0,3000,3062.278776901819,2359.8714000254404,4007.6915999816265,1129.0,1.943276102961185,0.0,3000,3200,3300,3300,3500,3600,3700,3800,4000,4000,4000
,Aggregated,775,0,2400,2056.699346838286,723.6881999997422,9635.161400015932,861.3677419354839,4.092497227703582,0.0,2400,2900,3000,3100,3400,3500,3800,4000,9600,9600,9600
