Type,Name,Request Count,Failure Count,Median Response Time,Average Response Time,Min Response Time,Max Response Time,Average Content Size,Requests/s,Failures/s,50%,66%,75%,80%,90%,95%,98%,99%,99.9%,99.99%,100%
DELETE,DELETE /user/[email] [cleanup],1,0,5481.595000004745,5481.595000004745,5481.595000004745,5481.595000004745,65.0,0.005398741248180964,0.0,5500,5500,5500,5500,5500,5500,5500,5500,5500,5500,5500
GET,GET /user/[email],17,0,790,788.3362176482265,713.2888000051025,858.7525000039022,1667.8823529411766,0.0917786012190764,0.0,790,800,800,820,840,860,860,860,860,860,860
POST,POST /auth/login,4,0,950,984.0142499997455,944.3982999946456,1098.326499995892,56.0,0.021594964992723856,0.0,950,950,1100,1100,1100,1100,1100,1100,1100,1100,1100
POST,POST /auth/signup [setup],5,0,3100,3087.3623799998313,2810.393199993996,3321.2639999983367,65.0,0.02699370624090482,0.0,3100,3200,3200,3300,3300,3300,3300,3300,3300,3300,3300
POST,POST /user/[email]/description,27,0,2700,2654.4444999992807,2276.0836999950698,2814.1391999961343,1129.0,0.14576601370088604,0.0,2700,2700,2700,2700,2800,2800,2800,2800,2800,2800,2800
POST,POST /user/[email]/profile-photo,95,0,5900,5868.598745262103,3996.36050000845,6533.735600009095,1126.0526315789473,0.5128804185771916,0.0,5900,6000,6000,6100,6300,6400,6500,6500,6500,6500,6500
,Aggregated,149,0,5800,4479.483636912101,713.2888000051025,6533.735600009095,1116.9530201342282,0.8044124459789637,0.0,5800,5900,6000,6000,6200,6400,6500,6500,6500,6500,6500
