Type,Name,Request Count,Failure Count,Median Response Time,Average Response Time,Min Response Time,Max Response Time,Average Content Size,Requests/s,Failures/s,50%,66%,75%,80%,90%,95%,98%,99%,99.9%,99.99%,100%
DELETE,DELETE /user/[email] [cleanup],1,0,4978.5114000114845,4978.5114000114845,4978.5114000114845,4978.5114000114845,65.0,0.005413378692627249,0.0,5000,5000,5000,5000,5000,5000,5000,5000,5000,5000,5000
GET,GET /user/[email],18,0,790,832.1946333324174,756.4224999950966,942.196399992099,1831.0,0.09744081646729048,0.0,790,870,880,910,940,940,940,940,940,940,940
POST,POST /auth/login,19,0,970,974.6947157882938,900.0035999924876,1058.7464999989606,56.0,0.10285419515991774,0.0,970,990,1000,1000,1000,1100,1100,1100,1100,1100,1100
POST,POST /auth/signup [setup],5,0,3100,3061.4409799978603,2848.336199996993,3243.877100001555,65.0,0.027066893463136246,0.0,3100,3200,3200,3200,3200,3200,3200,3200,3200,3200,3200
POST,POST /user/[email]/description,32,0,2700,2656.1310625006627,2349.728300003335,3003.6553999962052,1129.0,0.17322811816407196,0.0,2700,2700,2700,2800,2800,2800,3000,3000,3000,3000,3000
POST,POST /user/[email]/profile-photo,88,0,6000,5915.979069318465,3933.4084000001894,6524.243400010164,1126.0568181818182,0.47637732495119794,0.0,6000,6100,6100,6200,6300,6300,6500,6500,6500,6500,6500
,Aggregated,163,0,5600,4045.3176159509694,756.4224999950966,6524.243400010164,1040.6932515337423,0.8823807268982417,0.0,5600,5900,6000,6100,6200,6300,6300,6500,6500,6500,6500
