Type,Name,Request Count,Failure Count,Median Response Time,Average Response Time,Min Response Time,Max Response Time,Average Content Size,Requests/s,Failures/s,50%,66%,75%,80%,90%,95%,98%,99%,99.9%,99.99%,100%
DELETE,DELETE /user/[email] [cleanup],2,0,7200,7241.787549995934,7161.552599995048,7322.0224999968195,65.0,0.010691772752695826,0.0,7300,7300,7300,7300,7300,7300,7300,7300,7300,7300,7300
GET,GET /user/[email],137,0,830,831.2211240874178,701.657300000079,1044.7448999912012,1630.7737226277372,0.7323864335596642,0.0,830,850,870,880,920,960,970,990,1000,1000,1000
POST,POST /auth/login,74,0,970,975.0751567573044,887.1971000044141,1221.0156999935862,56.0,0.3955955918497456,0.0,970,990,1000,1000,1000,1100,1100,1200,1200,1200,1200
POST,POST /auth/signup [setup],5,0,3100,3087.3826800001552,2897.3689999984344,3298.865900011151,65.0,0.026729431881739568,0.0,3100,3200,3200,3300,3300,3300,3300,3300,3300,3300,3300
POST,POST /user/[email]/description,24,0,2700,2693.8698083334507,2377.2445999929914,3164.344999997411,1129.0,0.12830127303234992,0.0,2700,2700,2800,2800,2800,2900,3200,3200,3200,3200,3200
POST,POST /user/[email]/profile-photo,37,0,6000,5830.661610810706,3939.3825000006473,7254.207299993141,1126.1351351351352,0.1977977959248728,0.0,6000,6100,6200,6200,6200,6700,7300,7300,7300,7300,7300
,Aggregated,279,0,930,1778.9989215054063,701.657300000079,7322.0224999968195,1063.720430107527,1.4915022990010678,0.0,930,990,1100,2700,5900,6100,6200,7200,7300,7300,7300
