Type,Name,Request Count,Failure Count,Median Response Time,Average Response Time,Min Response Time,Max Response Time,Average Content Size,Requests/s,Failures/s,50%,66%,75%,80%,90%,95%,98%,99%,99.9%,99.99%,100%
DELETE,DELETE /user/[email] [cleanup],7,0,8900,8956.879957146677,7441.701600007946,9864.851100021042,65.0,0.036917838559202026,0.0,8900,9400,9500,9500,9900,9900,9900,9900,9900,9900,9900
GET,GET /user/[email],128,0,840,847.7110421872567,744.7277999890503,1115.187200019136,1631.484375,0.6750690479396942,0.0,840,860,880,890,940,960,1000,1000,1100,1100,1100
POST,POST /auth/login,66,0,1000,1013.8505560616702,897.4221000098623,1203.1522000033874,56.0,0.34808247784390484,0.0,1000,1000,1100,1100,1100,1200,1200,1200,1200,1200,1200
POST,POST /auth/signup [setup],10,0,4100,4062.3762300005183,3292.790799983777,4579.250000009779,65.0,0.05273976937028861,0.0,4200,4200,4300,4600,4600,4600,4600,4600,4600,4600,4600
POST,POST /user/[email]/description,59,0,2800,2819.246349151846,2374.9797999917064,3596.578099997714,1129.0,0.3111646392847028,0.0,2800,2900,2900,3000,3200,3300,3600,3600,3600,3600,3600
POST,POST /user/[email]/profile-photo,135,0,6200,6106.764132590507,4134.976300003473,6989.176300005056,1126.0740740740741,0.7119868864988962,0.0,6200,6300,6400,6400,6600,6800,6900,7000,7000,7000,7000
,Aggregated,405,0,2600,3134.547566912959,744.7277999890503,9864.851100021042,1067.3135802469135,2.1359606594966887,0.0,2600,4500,6100,6200,6400,6600,7000,8800,9900,9900,9900
