Type,Name,Request Count,Failure Count,Median Response Time,Average Response Time,Min Response Time,Max Response Time,Average Content Size,Requests/s,Failures/s,50%,66%,75%,80%,90%,95%,98%,99%,99.9%,99.99%,100%
GET,GET /user/[email],81,0,760,772.6721901239621,710.768899996765,894.5069999899715,1040.0,0.45242067367479616,0.0,760,780,790,800,840,850,870,890,890,890,890
POST,POST /auth/login,59,0,940,950.5029288150165,898.7907000118867,1040.5365000187885,56.0,0.3295409845285552,0.0,940,960,970,990,1000,1000,1000,1000,1000,1000,1000
POST,POST /auth/signup [setup],5,0,2700,2706.3213200017344,2476.4048000215553,2952.9068999981973,65.0,0.027927202078691118,0.0,2700,2900,2900,3000,3000,3000,3000,3000,3000,3000,3000
POST,POST /user/[email]/description,132,0,2600,2646.7253848496703,2287.6089999917895,3041.0085000039544,1129.0,0.7372781348774455,0.0,2600,2700,2700,2700,2800,2800,2900,2900,3000,3000,3000
,Aggregated,277,0,1000,1738.5035292429316,710.768899996765,3041.0085000039544,855.2238267148015,1.547166995159488,0.0,1000,2600,2600,2700,2700,2800,2900,2900,3000,3000,3000
