Type,Name,Request Count,Failure Count,Median Response Time,Average Response Time,Min Response Time,Max Response Time,Average Content Size,Requests/s,Failures/s,50%,66%,75%,80%,90%,95%,98%,99%,99.9%,99.99%,100%
DELETE,DELETE /user/[email] [cleanup],14,0,15000,15585.682200001818,13692.345500006923,17276.77009999752,65.0,0.07106178124020333,0.0,16000,17000,17000,17000,17000,17000,17000,17000,17000,17000,17000
GET,GET /user/[email],65,0,1100,1081.4554815375373,807.764600001974,1570.4656000016257,1491.2307692307693,0.32992969861522975,0.0,1100,1100,1200,1200,1300,1400,1500,1600,1600,1600,1600
POST,POST /auth/login,20,0,1100,1187.9486300007557,962.3979000025429,1446.1825000034878,56.0,0.10151683034314761,0.0,1200,1200,1300,1300,1400,1400,1400,1400,1400,1400,1400
POST,POST /auth/signup [setup],20,0,7200,7226.297995002096,5486.252700007753,9196.31759999902,65.0,0.10151683034314761,0.0,7400,7600,7900,8000,8800,9200,9200,9200,9200,9200,9200
POST,POST /user/[email]/description,96,0,5000,4961.776732291128,3002.754000001005,6760.0600000005215,1129.0,0.4872807856471086,0.0,5000,5200,5500,5700,6200,6400,6600,6800,6800,6800,6800
POST,POST /user/[email]/profile-photo,211,0,11000,10334.227715165869,4295.478899992304,12716.795399988769,1126.0947867298578,1.0710025601202073,0.0,11000,11000,12000,12000,12000,12000,12000,13000,13000,13000,13000
,Aggregated,426,0,7600,7308.9946098590835,807.764600001974,17276.77009999752,1047.5352112676057,2.162308486309044,0.0,7600,10000,11000,11000,12000,12000,15000,17000,17000,17000,17000
