Type,Name,Request Count,Failure Count,Median Response Time,Average Response Time,Min Response Time,Max Response Time,Average Content Size,Requests/s,Failures/s,50%,66%,75%,80%,90%,95%,98%,99%,99.9%,99.99%,100%
DELETE,DELETE /user/[email] [cleanup],13,0,10000,10087.480838464286,9433.473099998082,10619.383800003561,65.0,0.0682910332240152,0.0,10000,10000,10000,10000,11000,11000,11000,11000,11000,11000,11000
GET,GET /user/[email],87,0,920,926.2740448272476,735.203400006867,1237.4495999974897,1029.7471264367816,0.45702460696071706,0.0,920,950,970,1000,1100,1100,1200,1200,1200,1200,1200
POST,POST /auth/login,36,0,1100,1108.5001333336145,950.8385000081034,1326.3245999987703,56.0,0.1891136304665036,0.0,1100,1100,1200,1200,1200,1300,1300,1300,1300,1300,1300
POST,POST /auth/signup [setup],15,0,3900,3833.892473334951,3230.7987000094727,4367.096299989498,65.0,0.07879734602770984,0.0,3900,3900,4200,4200,4300,4400,4400,4400,4400,4400,4400
POST,POST /user/[email]/description,475,0,3300,3393.8155035787577,2385.5994999903487,5214.269799995236,1129.0,2.495249290877478,0.0,3300,3500,3700,3800,4200,4600,4900,5000,5200,5200,5200
,Aggregated,626,0,3100,3069.009343290656,735.203400006867,10619.383800003561,1005.908945686901,3.288475907556424,0.0,3200,3400,3600,3800,4200,4700,9400,10000,11000,11000,11000
