Type,Name,Request Count,Failure Count,Median Response Time,Average Response Time,Min Response Time,Max Response Time,Average Content Size,Requests/s,Failures/s,50%,66%,75%,80%,90%,95%,98%,99%,99.9%,99.99%,100%
DELETE,DELETE /user/[email] [cleanup],4,0,10000,9724.639025000215,8409.247399991727,10271.799500013003,65.0,0.02105189479225855,0.0,10000,10000,10000,10000,10000,10000,10000,10000,10000,10000,10000
GET,GET /user/[email],72,0,990,1049.9659166665272,769.759000002523,1708.685500008869,1002.8333333333334,0.3789341062606539,0.0,1000,1100,1100,1200,1300,1300,1700,1700,1700,1700,1700
POST,POST /auth/login,48,0,1200,1247.5551083322596,1047.043800004758,1814.9046000035014,56.0,0.2526227375071026,0.0,1200,1300,1300,1300,1400,1400,1800,1800,1800,1800,1800
POST,POST /auth/signup [setup],20,0,4700,4912.760404999426,4010.0715999869863,6391.874100008863,65.0,0.10525947396129275,0.0,4700,5200,5400,5400,5500,6400,6400,6400,6400,6400,6400
POST,POST /user/[email]/description,500,0,4800,4772.970576400291,2680.2483000064967,6849.272599996766,1129.0,2.631486849032319,0.0,4800,5100,5300,5400,5800,6200,6400,6500,6800,6800,6800
,Aggregated,644,0,4600,4129.067148447316,769.759000002523,10271.799500013003,995.2670807453416,3.3893550615536268,0.0,4600,5000,5200,5400,5700,6100,6400,6600,10000,10000,10000
