Type,Name,Request Count,Failure Count,Median Response Time,Average Response Time,Min Response Time,Max Response Time,Average Content Size,Requests/s,Failures/s,50%,66%,75%,80%,90%,95%,98%,99%,99.9%,99.99%,100%
DELETE,DELETE /user/[email] [cleanup],19,0,16000,15433.218663157037,6431.813100003637,17695.029599999543,65.0,0.09622704112334632,0.0,16000,17000,17000,17000,18000,18000,18000,18000,18000,18000,18000
GET,GET /user/[email],535,0,980,991.0558059811864,718.5027999948943,1689.0948999935063,1446.8635514018692,2.709550894788962,0.0,980,1000,1100,1100,1100,1200,1300,1300,1700,1700,1700
POST,POST /auth/login,263,0,1100,1143.4349288975602,934.1195000015432,1874.4793000078062,56.0,1.3319848323915833,0.0,1100,1200,1200,1200,1300,1400,1400,1500,1900,1900,1900
POST,POST /auth/signup [setup],20,0,7000,7395.962484998745,5622.6787000050535,9230.467100001988,65.0,0.1012916222351014,0.0,7400,7800,8700,8800,9000,9200,9200,9200,9200,9200,9200
POST,POST /user/[email]/description,62,0,3100,3191.3565645166186,2372.453600008157,3945.023099993705,1129.0,0.3140040289288143,0.0,3100,3300,3400,3500,3600,3700,3900,3900,3900,3900,3900
POST,POST /user/[email]/profile-photo,130,0,6900,6666.856877692379,4296.108399998047,8442.738300000201,1126.1538461538462,0.6583955445281591,0.0,6900,7100,7300,7400,7700,7800,8200,8200,8400,8400,8400
,Aggregated,1029,0,1100,2270.791203012626,718.5027999948943,17695.029599999543,979.332361516035,5.211453963995966,0.0,1100,1200,1300,3100,6800,7400,8900,16000,18000,18000,18000
