Type,Name,Request Count,Failure Count,Median Response Time,Average Response Time,Min Response Time,Max Response Time,Average Content Size,Requests/s,Failures/s,50%,66%,75%,80%,90%,95%,98%,99%,99.9%,99.99%,100%
DELETE,DELETE /user/[email] [cleanup],2,0,5200,5400.831349994405,5199.319599982118,5602.343100006692,65.0,0.010791410862804225,0.0,5600,5600,5600,5600,5600,5600,5600,5600,5600,5600,5600
GET,GET /user/[email],50,0,780,786.8840260006255,695.3378999896813,893.8081000233069,1752.88,0.2697852715701056,0.0,780,800,810,810,870,880,890,890,890,890,890
POST,POST /auth/login,37,0,940,952.2418459449467,900.6544000003487,1062.7224000054412,56.0,0.19964110096187815,0.0,940,960,970,980,1000,1000,1100,1100,1100,1100,1100
POST,POST /auth/signup [setup],5,0,3100,3116.5964199986774,2902.4267999920994,3337.7656000084244,65.0,0.026978527157010563,0.0,3100,3200,3200,3300,3300,3300,3300,3300,3300,3300,3300
POST,POST /user/[email]/description,24,0,2500,2541.2428291723095,2293.901299999561,2824.812300008489,1129.0,0.1294969303536507,0.0,2600,2700,2700,2700,2800,2800,2800,2800,2800,2800,2800
POST,POST /user/[email]/profile-photo,80,0,5800,5691.462460001276,3806.535600015195,6481.505600007949,1126.0625,0.431656434512169,0.0,5800,5900,5900,6000,6200,6200,6300,6500,6500,6500,6500
,Aggregated,198,0,2500,3117.518278283909,695.3378999896813,6481.505600007949,1047.2323232323233,1.0683496754176183,0.0,2600,5500,5700,5800,5900,6000,6200,6300,6500,6500,6500
