Type,Name,Request Count,Failure Count,Median Response Time,Average Response Time,Min Response Time,Max Response Time,Average Content Size,Requests/s,Failures/s,50%,66%,75%,80%,90%,95%,98%,99%,99.9%,99.99%,100%
DELETE,DELETE /user/[email] [cleanup],8,0,7000,6958.845675000703,6187.548900008551,7452.643099997658,65.0,0.042736541655676676,0.0,7100,7300,7400,7400,7500,7500,7500,7500,7500,7500,7500
GET,GET /user/[email],61,0,820,843.650785246177,736.3553999894066,1261.8973000062397,996.1311475409836,0.32586613012453464,0.0,820,850,870,890,920,980,1000,1300,1300,1300,1300
POST,POST /auth/login,29,0,1000,1009.8036482768607,934.2105000105221,1166.3312000018777,56.0,0.15491996350182793,0.0,1000,1000,1000,1100,1100,1100,1200,1200,1200,1200,1200
POST,POST /auth/signup [setup],10,0,3100,3067.1481299970765,2688.55929998972,3515.7846999936737,65.0,0.05342067706959584,0.0,3100,3100,3300,3300,3500,3500,3500,3500,3500,3500,3500
POST,POST /user/[email]/description,354,0,2800,2861.4999064975873,2284.293600008823,4031.8266999966,1129.0,1.8910919682636929,0.0,2800,2900,3000,3000,3200,3300,3700,3900,4000,4000,4000
,Aggregated,462,0,2800,2554.242894589109,736.3553999894066,7452.643099997658,1002.6493506493506,2.468035280615328,0.0,2800,2900,2900,3000,3200,3500,4000,7000,7500,7500,7500
