Type,Name,Request Count,Failure Count,Median Response Time,Average Response Time,Min Response Time,Max Response Time,Average Content Size,Requests/s,Failures/s,50%,66%,75%,80%,90%,95%,98%,99%,99.9%,99.99%,100%
DELETE,DELETE /user/[email] [cleanup],9,0,12000,11735.42193333075,10489.229200000409,13709.052299993346,65.0,0.04653014581950045,0.0,12000,12000,12000,13000,14000,14000,14000,14000,14000,14000,14000
GET,GET /user/[email],152,0,910,921.4002210514751,732.5728999858256,1364.0547999821138,1614.3684210526317,0.7858424627293409,0.0,910,950,970,990,1000,1100,1200,1200,1400,1400,1400
POST,POST /auth/login,103,0,1100,1110.4868097107594,955.6277999945451,1476.7769000027329,56.0,0.5325116688231718,0.0,1100,1100,1200,1200,1200,1300,1300,1400,1500,1500,1500
POST,POST /auth/signup [setup],15,0,5600,5688.353433335821,4730.380199995125,6708.566300017992,65.0,0.07755024303250074,0.0,5600,6300,6400,6500,6600,6700,6700,6700,6700,6700,6700
POST,POST /user/[email]/description,73,0,3200,3282.0161616430482,2556.2338000163436,4822.59329999215,1129.0,0.3774111827581703,0.0,3200,3400,3500,3700,4100,4400,4500,4800,4800,4800,4800
POST,POST /user/[email]/profile-photo,186,0,7000,6980.192184409124,3822.9507000069134,9042.929899995215,1126.0806451612902,0.9616230136030093,0.0,7000,7400,7700,7800,8300,8400,8600,8700,9000,9000,9000
,Aggregated,538,0,2700,3686.39405204477,732.5728999858256,13709.052299993346,1012.2304832713754,2.7814687167656933,0.0,2700,6000,6700,7000,7700,8300,8700,11000,14000,14000,14000
