Type,Name,Request Count,Failure Count,Median Response Time,Average Response Time,Min Response Time,Max Response Time,Average Content Size,Requests/s,Failures/s,50%,66%,75%,80%,90%,95%,98%,99%,99.9%,99.99%,100%
DELETE,DELETE /user/[email] [cleanup],9,0,10000,10053.9417222236,8487.348499998916,10574.052299998584,65.0,0.04728677192677921,0.0,10000,10000,10000,11000,11000,11000,11000,11000,11000,11000,11000
GET,GET /user/[email],265,0,840,862.3901018867915,694.9075000011362,1445.146099998965,1701.2830188679245,1.3923327289551655,0.0,840,870,890,910,960,1000,1200,1400,1400,1400,1400
POST,POST /auth/login,143,0,1000,1019.7740671332963,879.7087999992073,1672.6742000028025,56.0,0.7513342650588252,0.0,1000,1000,1100,1100,1100,1100,1500,1500,1700,1700,1700
POST,POST /auth/signup [setup],10,0,4100,4134.595330002776,3673.6120999994455,4723.718299996108,65.0,0.05254085769642134,0.0,4200,4300,4400,4500,4700,4700,4700,4700,4700,4700,4700
POST,POST /user/[email]/description,38,0,2700,2711.256392105976,2355.897500005085,3463.61109999998,1129.0,0.1996552592464011,0.0,2700,2800,2800,2800,2900,3000,3500,3500,3500,3500,3500
POST,POST /user/[email]/profile-photo,78,0,6100,5941.748916665883,3921.156600001268,7499.39210001321,1126.128205128205,0.4098186900320865,0.0,6200,6200,6300,6400,6500,6600,6800,7500,7500,7500,7500
,Aggregated,543,0,960,1975.4634545120946,694.9075000011362,10574.052299998584,1088.0718232044198,2.8529685729156786,0.0,960,1100,1700,2800,6100,6300,6800,10000,11000,11000,11000
