Type,Name,Request Count,Failure Count,Median Response Time,Average Response Time,Min Response Time,Max Response Time,Average Content Size,Requests/s,Failures/s,50%,66%,75%,80%,90%,95%,98%,99%,99.9%,99.99%,100%
DELETE,DELETE /user/[email] [cleanup],11,0,11000,10495.021872727772,8212.770900005125,11521.163099998375,65.0,0.05752559045531727,0.0,11000,11000,11000,11000,12000,12000,12000,12000,12000,12000,12000
GET,GET /user/[email],647,0,970,989.2100593510994,695.9209000051487,1629.606300004525,928.3276661514683,3.383550638599116,0.0,970,1000,1100,1100,1200,1200,1300,1400,1600,1600,1600
POST,POST /auth/login,306,0,1100,1153.898589869427,908.808099993621,1726.4769000030356,56.0,1.6002573344842805,0.0,1100,1200,1200,1300,1300,1400,1500,1600,1700,1700,1700
POST,POST /auth/signup [setup],20,0,4900,5126.196070000151,3988.7210999877425,6523.357700003544,65.0,0.1045919826460314,0.0,4900,5000,5700,5700,6000,6500,6500,6500,6500,6500,6500
POST,POST /user/[email]/description,226,0,3100,3181.426917699403,2559.820900001796,4388.698499999009,1129.0,1.1818894039001548,0.0,3100,3200,3300,3400,3700,4000,4200,4200,4400,4400,4400
,Aggregated,1210,0,1100,1595.110349008497,695.9209000051487,11521.163099998375,723.0851239669421,6.3278149500849,0.0,1100,1200,1300,2800,3200,3600,4900,6000,12000,12000,12000
