Type,Name,Request Count,Failure Count,Median Response Time,Average Response Time,Min Response Time,Max Response Time,Average Content Size,Requests/s,Failures/s,50%,66%,75%,80%,90%,95%,98%,99%,99.9%,99.99%,100%
DELETE,DELETE /user/[email] [cleanup],12,0,11000,10249.229158333037,6704.632200009655,11413.672499998938,65.0,0.06276789966403999,0.0,11000,11000,11000,11000,11000,11000,11000,11000,11000,11000,11000
GET,GET /user/[email],607,0,970,994.0606247119656,729.2789999919478,1478.0446000077063,962.1153212520593,3.175009591339356,0.0,970,1000,1100,1100,1200,1300,1300,1400,1500,1500,1500
POST,POST /auth/login,353,0,1100,1157.371306515539,913.1348999944748,1594.0009000041755,56.0,1.846422381783843,0.0,1100,1200,1200,1200,1300,1400,1500,1500,1600,1600,1600
POST,POST /auth/signup [setup],20,0,5200,5022.4530499996035,4279.268600002979,6187.25319999794,65.0,0.10461316610673331,0.0,5200,5200,5500,5600,5800,6200,6200,6200,6200,6200,6200
POST,POST /user/[email]/description,218,0,3100,3133.473136238986,2422.480600012932,3962.805200004368,1129.0,1.140283510563393,0.0,3100,3200,3300,3400,3500,3600,3800,3900,4000,4000,4000
,Aggregated,1210,0,1100,1585.523822314241,729.2789999919478,11413.672499998938,704.1107438016529,6.329096549457366,0.0,1100,1200,1300,2700,3200,3400,4600,6200,11000,11000,11000
