Type,Name,Request Count,Failure Count,Median Response Time,Average Response Time,Min Response Time,Max Response Time,Average Content Size,Requests/s,Failures/s,50%,66%,75%,80%,90%,95%,98%,99%,99.9%,99.99%,100%
DELETE,DELETE /user/[email] [cleanup],9,0,14000,13792.953533330648,10309.84640000679,14630.528299996513,65.0,0.04630158944818782,0.0,14000,14000,14000,15000,15000,15000,15000,15000,15000,15000,15000
GET,GET /user/[email],429,0,880,907.3385167832346,727.7249000035226,1400.3990999917733,1672.3123543123543,2.2070424303636194,0.0,880,930,960,980,1100,1100,1200,1200,1400,1400,1400
POST,POST /auth/login,205,0,1100,1065.8660273172711,923.9783000084572,1486.1364999960642,56.0,1.0546473152087226,0.0,1100,1100,1100,1100,1200,1200,1300,1400,1500,1500,1500
POST,POST /auth/signup [setup],15,0,5600,5593.930053334528,4523.927500005811,7110.0358000112465,65.0,0.0771693157469797,0.0,5600,5800,6100,6600,6800,7100,7100,7100,7100,7100,7100
POST,POST /user/[email]/description,54,0,2900,2864.9017907413913,2370.4243000101997,3372.438799997326,1129.0,0.27780953668912695,0.0,2900,3000,3000,3000,3100,3300,3300,3400,3400,3400,3400
POST,POST /user/[email]/profile-photo,102,0,6400,6195.00068823525,4005.8921000018017,7683.10520000523,1126.1470588235295,0.5247513470794619,0.0,6400,6600,6700,6700,7000,7100,7500,7700,7700,7700,7700
,Aggregated,814,0,990,1968.5393842752721,727.7249000035226,14630.528299996513,1113.384520884521,4.187721534536099,0.0,990,1100,1200,2800,6200,6600,7100,10000,15000,15000,15000
