Type,Name,Request Count,Failure Count,Median Response Time,Average Response Time,Min Response Time,Max Response Time,Average Content Size,Requests/s,Failures/s,50%,66%,75%,80%,90%,95%,98%,99%,99.9%,99.99%,100%
DELETE,DELETE /user/[email] [cleanup],19,0,17000,17617.974268422633,13438.589000026695,19906.31600000779,65.0,0.09517714555031812,0.0,17000,18000,19000,19000,20000,20000,20000,20000,20000,20000,20000
GET,GET /user/[email],64,0,1000,1041.2285921856892,790.7436999958009,1548.5688999906415,1748.875,0.32059670080107155,0.0,1000,1100,1100,1100,1200,1300,1300,1500,1500,1500,1500
POST,POST /auth/login,19,0,1200,1210.699573682321,976.425200002268,1471.404199997778,56.0,0.09517714555031812,0.0,1200,1300,1300,1300,1400,1500,1500,1500,1500,1500,1500
POST,POST /auth/signup [setup],20,0,6900,7247.497109998949,5792.526800010819,9750.849200005177,65.0,0.10018646900033486,0.0,7000,7800,8000,8300,8700,9800,9800,9800,9800,9800,9800
POST,POST /user/[email]/description,91,0,5100,5004.063557142937,2977.0438999985345,6709.0606999991,1129.0,0.4558484339515236,0.0,5100,5300,5700,5800,6100,6400,6700,6700,6700,6700,6700
POST,POST /user/[email]/profile-photo,213,0,11000,10261.507465257888,4688.584899995476,12492.454099992756,1126.093896713615,1.0669858948535662,0.0,11000,11000,11000,11000,12000,12000,12000,12000,12000,12000,12000
,Aggregated,426,0,8500,7536.160208684965,790.7436999958009,19906.31600000779,1075.4084507042253,2.1339717897071324,0.0,8500,10000,11000,11000,12000,12000,17000,19000,20000,20000,20000
