Type,Name,Request Count,Failure Count,Median Response Time,Average Response Time,Min Response Time,Max Response Time,Average Content Size,Requests/s,Failures/s,50%,66%,75%,80%,90%,95%,98%,99%,99.9%,99.99%,100%
DELETE,DELETE /user/[email] [cleanup],14,0,12000,11671.305442856725,8957.743199978722,12888.460500020301,65.0,0.07337326406745802,0.0,13000,13000,13000,13000,13000,13000,13000,13000,13000,13000,13000
GET,GET /user/[email],281,0,990,1011.7270626321193,740.2368999901228,1705.2277000038885,980.6868327402135,1.4727062287825503,0.0,990,1100,1100,1100,1200,1300,1400,1500,1700,1700,1700
POST,POST /auth/login,169,0,1200,1206.6280082823605,971.9245000160299,1677.1116000018083,56.0,0.8857201162428862,0.0,1200,1200,1300,1300,1400,1400,1500,1600,1700,1700,1700
POST,POST /auth/signup [setup],20,0,4900,4914.679780002916,4040.3089999745134,6329.8446999979205,65.0,0.10481894866779717,0.0,4900,5000,5400,5400,5700,6300,6300,6300,6300,6300,6300
POST,POST /user/[email]/description,436,0,3500,3649.0866227065176,2570.352099981392,5692.606600001454,1129.0,2.2850530809579785,0.0,3500,3800,4000,4200,4500,5000,5400,5400,5700,5700,5700
,Aggregated,920,0,2700,2544.466388368955,740.2368999901228,12888.460500020301,847.2728260869566,4.82167163871867,0.0,2800,3300,3600,3800,4400,4900,5600,11000,13000,13000,13000
