Type,Name,Request Count,Failure Count,Median Response Time,Average Response Time,Min Response Time,Max Response Time,Average Content Size,Requests/s,Failures/s,50%,66%,75%,80%,90%,95%,98%,99%,99.9%,99.99%,100%
DELETE,DELETE /user/[email] [cleanup],15,0,10000,9930.82814666753,7966.880399995716,10801.65570002282,65.0,0.07871871693151873,0.0,10000,10000,10000,10000,11000,11000,11000,11000,11000,11000,11000
GET,GET /user/[email],247,0,870,882.7125991900594,730.8305000187829,1228.1697999860626,990.3724696356276,1.2962348721390085,0.0,870,910,930,950,1000,1000,1100,1200,1200,1200,1200
POST,POST /auth/login,141,0,1100,1065.3970936164244,925.7922999968287,1326.6765999724157,56.0,0.739955939156276,0.0,1100,1100,1100,1100,1200,1200,1300,1300,1300,1300,1300
POST,POST /auth/signup [setup],15,0,3900,3814.0654533325383,3332.0313000003807,4465.446099988185,65.0,0.07871871693151873,0.0,3900,3900,4100,4100,4200,4500,4500,4500,4500,4500,4500
POST,POST /user/[email]/description,371,0,3000,3041.087443395684,2293.9130000013392,4032.6395999873057,1129.0,1.946976265439563,0.0,3000,3100,3200,3300,3500,3600,3800,3800,4000,4000,4000
,Aggregated,789,0,2400,2158.0074115331563,730.8305000187829,10801.65570002282,853.3929024081116,4.140604510597885,0.0,2400,2900,3000,3100,3400,3700,4500,10000,11000,11000,11000
