Type,Name,Request Count,Failure Count,Median Response Time,Average Response Time,Min Response Time,Max Response Time,Average Content Size,Requests/s,Failures/s,50%,66%,75%,80%,90%,95%,98%,99%,99.9%,99.99%,100%
DELETE,DELETE /user/[email] [cleanup],7,0,8900,9172.610242859393,8440.332400001353,10348.217200007639,65.0,0.03682158871637834,0.0,8900,9400,9700,9700,10000,10000,10000,10000,10000,10000,10000
GET,GET /user/[email],51,0,850,865.3638745103415,748.374300004798,1093.0808999983128,1737.6470588235295,0.2682715749336136,0.0,850,900,910,920,960,1100,1100,1100,1100,1100,1100
POST,POST /auth/login,25,0,1000,1022.9767160012852,934.46390000463,1142.6729000086198,56.0,0.1315056739870655,0.0,1000,1000,1000,1100,1100,1100,1100,1100,1100,1100,1100
POST,POST /auth/signup [setup],10,0,3900,3987.320680000994,3479.6421000064583,4479.625500011025,65.0,0.052602269594826195,0.0,3900,4200,4300,4500,4500,4500,4500,4500,4500,4500,4500
POST,POST /user/[email]/description,62,0,2800,2859.772956452,2349.8217000014847,3561.3950999977533,1129.0,0.3261340714879224,0.0,2800,2900,2900,3000,3200,3200,3300,3600,3600,3600,3600
POST,POST /user/[email]/profile-photo,160,0,6400,6467.0955200005665,4037.9122000013012,11531.38700001,1126.0625,0.8416363135172191,0.0,6400,6500,6700,6800,7000,9000,10000,11000,12000,12000,12000
,Aggregated,315,0,4800,4399.4624142863495,748.374300004798,11531.38700001,1083.4698412698413,1.6569714922370251,0.0,4800,6200,6400,6500,6800,7800,9700,10000,12000,12000,12000
