Type,Name,Request Count,Failure Count,Median Response Time,Average Response Time,Min Response Time,Max Response Time,Average Content Size,Requests/s,Failures/s,50%,66%,75%,80%,90%,95%,98%,99%,99.9%,99.99%,100%
DELETE,DELETE /user/[email] [cleanup],4,0,5000,5142.254375001357,4902.7076000056695,5372.301600000355,65.0,0.02160887581808657,0.0,5300,5300,5400,5400,5400,5400,5400,5400,5400,5400,5400
GET,GET /user/[email],31,0,790,791.5307000000593,728.4843999950681,872.4329999968177,1011.2258064516129,0.16746878759017092,0.0,790,800,830,830,860,870,870,870,870,870,870
POST,POST /auth/login,14,0,950,959.9236071434071,902.4649999919347,1057.119100005366,56.0,0.075631065363303,0.0,950,960,990,990,1000,1100,1100,1100,1100,1100,1100
POST,POST /auth/signup [setup],5,0,2600,2665.4516999959014,2464.538399988669,2894.389900000533,65.0,0.027011094772608213,0.0,2600,2800,2800,2900,2900,2900,2900,2900,2900,2900,2900
POST,POST /user/[email]/description,185,0,2700,2667.337996216107,2232.8070999938063,3025.939900006051,1129.0,0.9994105065865039,0.0,2700,2700,2700,2800,2800,2900,2900,3000,3000,3000,3000
,Aggregated,239,0,2700,2365.3982740584697,728.4843999950681,5372.301600000355,1010.8033472803347,1.2911303301306727,0.0,2700,2700,2700,2800,2800,2900,3000,5000,5400,5400,5400
