Type,Name,Request Count,Failure Count,Median Response Time,Average Response Time,Min Response Time,Max Response Time,Average Content Size,Requests/s,Failures/s,50%,66%,75%,80%,90%,95%,98%,99%,99.9%,99.99%,100%
DELETE,DELETE /user/[email] [cleanup],3,0,6100,6140.288533342148,5973.839200014481,6308.436200022697,65.0,0.01612584157027892,0.0,6100,6100,6300,6300,6300,6300,6300,6300,6300,6300,6300
GET,GET /user/[email],166,0,810,826.2987981935407,698.4393000020646,1113.8772999984212,991.6385542168674,0.892296566888767,0.0,810,850,870,890,920,950,980,1000,1100,1100,1100
POST,POST /auth/login,81,0,980,1000.1824222218366,896.0249999945518,1344.8401000059675,56.0,0.4353977223975309,0.0,980,1000,1000,1000,1100,1100,1300,1300,1300,1300,1300
POST,POST /auth/signup [setup],10,0,3200,3204.6070699987467,2767.9691999801435,3628.208200010704,65.0,0.05375280523426307,0.0,3300,3400,3400,3600,3600,3600,3600,3600,3600,3600,3600
POST,POST /user/[email]/description,271,0,2800,2804.247125462054,2309.260199981509,4303.015500016045,1129.0,1.4567010218485292,0.0,2800,2900,2900,2900,3000,3200,3400,3400,4300,4300,4300
,Aggregated,531,0,2500,1937.0965800382808,698.4393000020646,6308.436200022697,896.3314500941619,2.854273957939369,0.0,2500,2700,2800,2900,3000,3200,3400,3600,6300,6300,6300
