Type,Name,Request Count,Failure Count,Median Response Time,Average Response Time,Min Response Time,Max Response Time,Average Content Size,Requests/s,Failures/s,50%,66%,75%,80%,90%,95%,98%,99%,99.9%,99.99%,100%
DELETE,DELETE /user/[email] [cleanup],15,0,11000,11081.945946672931,10421.636500017485,11618.854599975748,65.0,0.07839127943267676,0.0,11000,11000,11000,11000,11000,12000,12000,12000,12000,12000,12000
GET,GET /user/[email],221,0,870,887.4482995465954,736.3557000062428,1278.4243000205606,996.6018099547512,1.1549648503081045,0.0,870,910,940,960,1000,1100,1100,1200,1300,1300,1300
POST,POST /auth/login,126,0,1100,1092.1623444430427,934.2003999918234,1362.9701000172645,56.0,0.6584867472344849,0.0,1100,1100,1100,1200,1200,1200,1300,1300,1400,1400,1400
POST,POST /auth/signup [setup],15,0,3900,3999.774673332771,3660.7452999742236,4557.922900014091,65.0,0.07839127943267676,0.0,3900,4200,4200,4200,4300,4600,4600,4600,4600,4600,4600
POST,POST /user/[email]/description,374,0,3100,3209.2175679143616,2329.3482000008225,4762.308099976508,1129.0,1.9545559005214075,0.0,3100,3200,3400,3500,4000,4300,4400,4500,4800,4800,4800
,Aggregated,751,0,2700,2343.823847269877,736.3557000062428,11618.854599975748,867.5113182423436,3.9247900569293503,0.0,2700,3000,3200,3200,3700,4200,4800,11000,12000,12000,12000
