Type,Name,Request Count,Failure Count,Median Response Time,Average Response Time,Min Response Time,Max Response Time,Average Content Size,Requests/s,Failures/s,50%,66%,75%,80%,90%,95%,98%,99%,99.9%,99.99%,100%
DELETE,DELETE /user/[email] [cleanup],10,0,7100,7136.4856399959535,6397.29079999961,7607.770899994648,65.0,0.05338228250084414,0.0,7300,7300,7400,7600,7600,7600,7600,7600,7600,7600,7600
GET,GET /user/[email],52,0,830,838.8288153845889,739.6921000035945,1128.8034999888623,1005.6923076923077,0.27758786900438953,0.0,840,860,880,900,920,970,1000,1100,1100,1100,1100
POST,POST /auth/login,21,0,1000,1041.5023714283182,930.3800000052433,1209.0374000108568,56.0,0.11210279325177269,0.0,1000,1100,1100,1100,1200,1200,1200,1200,1200,1200,1200
POST,POST /auth/signup [setup],10,0,3100,3137.2672999990755,2664.155699996627,3588.6338999989675,65.0,0.05338228250084414,0.0,3100,3300,3400,3400,3600,3600,3600,3600,3600,3600,3600
POST,POST /user/[email]/description,360,0,2800,2895.7746486113238,2374.06080000801,4203.528999991249,1129.0,1.9217621700303888,0.0,2800,2900,3000,3100,3300,3500,3600,3900,4200,4200,4200
,Aggregated,453,0,2800,2672.642496909535,739.6921000035945,7607.770899994648,1018.1280353200883,2.4182173972882395,0.0,2800,2900,3000,3100,3300,3600,6400,7300,7600,7600,7600
