Type,Name,Request Count,Failure Count,Median Response Time,Average Response Time,Min Response Time,Max Response Time,Average Content Size,Requests/s,Failures/s,50%,66%,75%,80%,90%,95%,98%,99%,99.9%,99.99%,100%
DELETE,DELETE /user/[email] [cleanup],1,0,6249.084800016135,6249.084800016135,6249.084800016135,6249.084800016135,65.0,0.005376455875482298,0.0,6200,6200,6200,6200,6200,6200,6200,6200,6200,6200,6200
GET,GET /user/[email],173,0,810,818.5201815034753,729.358400014462,1075.754399993457,1009.0635838150289,0.9301268664584376,0.0,810,840,850,860,890,940,980,1100,1100,1100,1100
POST,POST /auth/login,95,0,1000,1007.8395915790584,913.1525000266265,1217.8213000006508,56.0,0.5107633081708183,0.0,1000,1000,1000,1100,1100,1100,1200,1200,1200,1200,1200
POST,POST /auth/signup [setup],10,0,3100,3101.13198000181,2709.978700004285,3456.7350999859627,65.0,0.05376455875482298,0.0,3200,3300,3300,3500,3500,3500,3500,3500,3500,3500,3500
POST,POST /user/[email]/description,263,0,2800,2749.992789733383,2249.163000000408,3382.0301000087056,1129.0,1.4140078952518444,0.0,2800,2800,2900,2900,3000,3000,3300,3300,3400,3400,3400
,Aggregated,542,0,2300,1841.0650570111175,729.358400014462,6249.084800016135,881.0516605166051,2.9140390845114057,0.0,2400,2700,2800,2800,2900,3000,3300,3300,6200,6200,6200
