Type,Name,Request Count,Failure Count,Median Response Time,Average Response Time,Min Response Time,Max Response Time,Average Content Size,Requests/s,Failures/s,50%,66%,75%,80%,90%,95%,98%,99%,99.9%,99.99%,100%
DELETE,DELETE /user/[email] [cleanup],13,0,16000,17226.346415389206,14390.868200018303,19767.318099999102,65.0,0.0651659839402602,0.0,16000,19000,20000,20000,20000,20000,20000,20000,20000,20000,20000
GET,GET /user/[email],184,0,1000,1042.8205543476392,758.7601999985054,1429.236399999354,1640.4130434782608,0.9223493111544522,0.0,1000,1100,1100,1100,1200,1300,1400,1400,1400,1400,1400
POST,POST /auth/login,94,0,1200,1221.048474466946,988.669900019886,1648.2970000070054,56.0,0.47120019156803533,0.0,1200,1300,1300,1300,1400,1500,1600,1600,1600,1600,1600
POST,POST /auth/signup [setup],20,0,6800,7326.7753750042175,5523.886899987701,9731.890000024578,65.0,0.10025535990809263,0.0,7500,7800,8100,8100,9200,9700,9700,9700,9700,9700,9700
POST,POST /user/[email]/description,93,0,4300,4236.861901073304,2483.630100003211,5480.65559999668,1129.0,0.4661874235726307,0.0,4300,4600,4700,4900,5100,5300,5400,5500,5500,5500,5500
POST,POST /user/[email]/profile-photo,199,0,9200,8985.916821609588,4221.996000007493,11785.816899995552,1126.1005025125628,0.9975408310855216,0.0,9200,9700,10000,10000,11000,11000,11000,11000,12000,12000,12000
,Aggregated,603,0,3600,4741.892460696729,758.7601999985054,19767.318099999102,1058.6003316749586,3.0226991012289925,0.0,3600,6700,8600,9200,10000,11000,14000,16000,20000,20000,20000
