Type,Name,Request Count,Failure Count,Median Response Time,Average Response Time,Min Response Time,Max Response Time,Average Content Size,Requests/s,Failures/s,50%,66%,75%,80%,90%,95%,98%,99%,99.9%,99.99%,100%
GET,GET /user/[email],166,0,780,787.730769277147,689.3681000074139,967.0918000047095,970.144578313253,0.9257262280350457,0.0,790,810,820,830,850,880,900,910,970,970,970
POST,POST /auth/login,95,0,940,951.9884557892127,873.4407000010833,1077.4502999993274,56.0,0.5297830823092129,0.0,940,970,980,990,1000,1000,1100,1100,1100,1100,1100
POST,POST /auth/signup [setup],5,0,2700,2721.811100002378,2478.9332000073045,2934.948900001473,65.0,0.027883320121537523,0.0,2700,2800,2800,2900,2900,2900,2900,2900,2900,2900,2900
POST,POST /user/[email]/description,65,0,2700,2652.1390784616906,2236.740700012888,2912.2867999976734,1129.0,0.3624831615799878,0.0,2700,2700,2700,2700,2800,2800,2800,2900,2900,2900,2900
,Aggregated,331,0,890,1230.212406646536,689.3681000074139,2934.948900001473,725.2990936555891,1.845875792045784,0.0,890,960,1000,2500,2700,2700,2800,2800,2900,2900,2900
