Type,Name,Request Count,Failure Count,Median Response Time,Average Response Time,Min Response Time,Max Response Time,Average Content Size,Requests/s,Failures/s,50%,66%,75%,80%,90%,95%,98%,99%,99.9%,99.99%,100%
DELETE,DELETE /user/[email] [cleanup],17,0,13000,12248.816070588553,8670.842799998354,13570.826800001669,65.0,0.08793860707575012,0.0,13000,13000,13000,13000,13000,14000,14000,14000,14000,14000,14000
GET,GET /user/[email],83,0,990,1001.8442277112802,764.246999999159,1315.4037000058452,997.0120481927711,0.42934731689925054,0.0,990,1000,1100,1100,1200,1200,1300,1300,1300,1300,1300
POST,POST /auth/login,36,0,1200,1269.0207944449664,1034.6045999904163,1833.9702999946894,56.0,0.18622293263100023,0.0,1200,1300,1400,1400,1400,1500,1800,1800,1800,1800,1800
POST,POST /auth/signup [setup],20,0,4600,4864.4587399991,4251.416899991455,6100.452900005621,65.0,0.10345718479500013,0.0,4900,5100,5200,5300,5500,6100,6100,6100,6100,6100,6100
POST,POST /user/[email]/description,514,0,4700,4618.428889104692,2806.887700004154,6146.088699999382,1129.0,2.6588496492315032,0.0,4700,5000,5100,5300,5500,5600,5800,5900,6100,6100,6100
,Aggregated,670,0,4500,4191.3870395520225,764.246999999159,13570.826800001669,996.2373134328358,3.4658156906325046,0.0,4500,4900,5100,5200,5500,5700,11000,13000,14000,14000,14000
