Type,Name,Request Count,Failure Count,Median Response Time,Average Response Time,Min Response Time,Max Response Time,Average Content Size,Requests/s,Failures/s,50%,66%,75%,80%,90%,95%,98%,99%,99.9%,99.99%,100%
GET,GET /user/[email],360,0,820,834.4436441668222,691.5694000053918,1234.7615000035148,933.4555555555555,2.0106455368211256,0.0,820,860,880,890,930,970,1000,1100,1200,1200,1200
POST,POST /auth/login,169,0,990,993.0237976328908,892.0185000024503,1367.2612000082154,56.0,0.943886377007695,0.0,990,1000,1000,1000,1100,1100,1100,1200,1400,1400,1400
POST,POST /auth/signup [setup],10,0,3100,3173.6789499991573,2752.6113000058103,3550.532599998405,65.0,0.05585126491169793,0.0,3300,3300,3400,3500,3600,3600,3600,3600,3600,3600,3600
POST,POST /user/[email]/description,114,0,2800,2791.5705578947254,2330.9217000060016,3707.585600001039,1129.0,0.6367044199933564,0.0,2800,2800,2900,2900,2900,3000,3200,3500,3700,3700,3700
,Aggregated,653,0,920,1252.980959877496,691.5694000053918,3707.585600001039,727.2036753445635,3.6470875987338744,0.0,920,990,1000,1100,2800,2900,3000,3300,3700,3700,3700
