Type,Name,Request Count,Failure Count,Median Response Time,Average Response Time,Min Response Time,Max Response Time,Average Content Size,Requests/s,Failures/s,50%,66%,75%,80%,90%,95%,98%,99%,99.9%,99.99%,100%
GET,GET /user/[email],99,0,770,780.6946656556748,706.5166999818757,931.0559000005014,1003.959595959596,0.5511068669543367,0.0,770,790,810,820,840,860,910,930,930,930,930
POST,POST /auth/login,41,0,950,954.9911390207765,885.2544999972451,1036.5116999892052,56.0,0.22823617722351322,0.0,950,960,970,980,1000,1000,1000,1000,1000,1000,1000
POST,POST /auth/signup [setup],5,0,2700,2688.197260000743,2483.6162999854423,2882.070899999235,65.0,0.02783368014920893,0.0,2700,2800,2800,2900,2900,2900,2900,2900,2900,2900,2900
POST,POST /user/[email]/description,137,0,2600,2580.195527737255,2212.8421000088565,2964.5056000154,1129.0,0.7626428360883246,0.0,2600,2700,2700,2700,2700,2800,2900,2900,3000,3000,3000
,Aggregated,282,0,2200,1714.0822063821677,706.5166999818757,2964.5056000154,910.2340425531914,1.5698195604153835,0.0,2200,2600,2600,2700,2700,2800,2800,2900,3000,3000,3000
