Type,Name,Request Count,Failure Count,Median Response Time,Average Response Time,Min Response Time,Max Response Time,Average Content Size,Requests/s,Failures/s,50%,66%,75%,80%,90%,95%,98%,99%,99.9%,99.99%,100%
DELETE,DELETE /user/[email] [cleanup],6,0,9300,9005.7146166558,7213.229399989359,10331.482999987202,65.0,0.03156863841145721,0.0,9700,9700,9800,9800,10000,10000,10000,10000,10000,10000,10000
GET,GET /user/[email],113,0,840,859.0520654884332,706.5380999993067,1563.6621000012383,1678.5929203539822,0.5945426900824442,0.0,840,870,890,900,930,1100,1200,1300,1600,1600,1600
POST,POST /auth/login,74,0,1000,1014.8814175682255,913.0799999984447,1262.1487000142224,56.0,0.3893465404079723,0.0,1000,1000,1000,1100,1100,1100,1200,1300,1300,1300,1300
POST,POST /auth/signup [setup],10,0,4000,4076.876580005046,3462.9188000108115,4637.327200005529,65.0,0.05261439735242869,0.0,4200,4200,4400,4500,4600,4600,4600,4600,4600,4600,4600
POST,POST /user/[email]/description,55,0,2900,2908.8979800020093,2411.348099994939,3893.861599994125,1129.0,0.2893791854383578,0.0,2900,3000,3000,3200,3200,3700,3900,3900,3900,3900,3900
POST,POST /user/[email]/profile-photo,136,0,6300,6145.637920587058,3964.632999995956,8683.576000010362,1126.0735294117646,0.7155558039930302,0.0,6300,6400,6400,6500,6600,7000,7600,7800,8700,8700,8700
,Aggregated,394,0,2600,3205.0083956857293,706.5380999993067,10331.482999987202,1040.8781725888325,2.0730072556856904,0.0,2600,4600,6100,6200,6400,6600,7600,9300,10000,10000,10000
