Type,Name,Request Count,Failure Count,Median Response Time,Average Response Time,Min Response Time,Max Response Time,Average Content Size,Requests/s,Failures/s,50%,66%,75%,80%,90%,95%,98%,99%,99.9%,99.99%,100%
GET,GET /user/[email],160,0,780,794.9011181246533,673.025800002506,1105.6634999986272,917.35,0.8927870233381977,0.0,780,810,820,840,870,890,930,1100,1100,1100,1100
POST,POST /auth/login,99,0,950,963.2752575749012,877.0349000114948,1164.7673999977997,56.0,0.5524119706905098,0.0,950,970,1000,1000,1100,1100,1100,1200,1200,1200,1200
POST,POST /auth/signup [setup],5,0,3200,3167.421239995747,2944.6902999916347,3420.6007000029786,65.0,0.02789959447931868,0.0,3200,3300,3300,3400,3400,3400,3400,3400,3400,3400,3400
POST,POST /user/[email]/description,65,0,2700,2673.974398462003,2478.7794000003487,2900.098500002059,1129.0,0.36269472823114285,0.0,2700,2700,2700,2700,2800,2800,2900,2900,2900,2900,2900
,Aggregated,329,0,900,1252.8689103339475,673.025800002506,3420.6007000029786,687.0212765957447,1.8357933167391691,0.0,900,960,1100,2600,2700,2700,2900,3000,3400,3400,3400
