Type,Name,Request Count,Failure Count,Median Response Time,Average Response Time,Min Response Time,Max Response Time,Average Content Size,Requests/s,Failures/s,50%,66%,75%,80%,90%,95%,98%,99%,99.9%,99.99%,100%
DELETE,DELETE /user/[email] [cleanup],5,0,8400,8199.337060001562,6320.091000001412,9518.800600009854,65.0,0.02641991160870887,0.0,8400,8600,8600,9500,9500,9500,9500,9500,9500,9500,9500
GET,GET /user/[email],34,0,830,836.9437705897486,745.7178000040585,1024.7755000018515,1825.1764705882354,0.1796553989392203,0.0,830,870,880,890,910,920,1000,1000,1000,1000,1000
POST,POST /auth/login,15,0,980,995.459933335466,931.0283999948297,1139.4322999985889,56.0,0.07925973482612661,0.0,980,1000,1000,1000,1100,1100,1100,1100,1100,1100,1100
POST,POST /auth/signup [setup],10,0,4000,3983.4644300019136,3523.092799994629,4561.263700001291,65.0,0.05283982321741774,0.0,4000,4200,4300,4300,4600,4600,4600,4600,4600,4600,4600
POST,POST /user/[email]/description,62,0,2800,2896.368704838331,2443.774300001678,3788.828300006571,1129.0,0.32760690394798997,0.0,2800,2900,3000,3100,3100,3300,3800,3800,3800,3800,3800
POST,POST /user/[email]/profile-photo,172,0,6300,6291.455238953816,4101.865799995721,7412.776600001962,1126.0581395348838,0.9088449593395851,0.0,6300,6400,6500,6600,6900,7100,7300,7400,7400,7400,7400
,Aggregated,298,0,6000,4650.753280537395,745.7178000040585,9518.800600009854,1099.1644295302012,1.5746267318790486,0.0,6000,6300,6400,6400,6800,7000,7400,8400,9500,9500,9500
