Type,Name,Request Count,Failure Count,Median Response Time,Average Response Time,Min Response Time,Max Response Time,Average Content Size,Requests/s,Failures/s,50%,66%,75%,80%,90%,95%,98%,99%,99.9%,99.99%,100%
DELETE,DELETE /user/[email] [cleanup],7,0,7100,7026.360728570061,6356.989899999462,7458.673799992539,65.0,0.037398960797976416,0.0,7100,7200,7400,7400,7500,7500,7500,7500,7500,7500,7500
GET,GET /user/[email],48,0,820,817.2472333335463,730.4991999990307,977.7264000003925,1021.4166666666666,0.2564500169004097,0.0,820,840,870,870,890,930,980,980,980,980,980
POST,POST /auth/login,28,0,1000,1022.5500035719181,933.0250000057276,1208.720299997367,56.0,0.14959584319190566,0.0,1000,1100,1100,1100,1100,1100,1200,1200,1200,1200,1200
POST,POST /auth/signup [setup],10,0,3100,3083.856970000488,2686.5806999994675,3476.6040000104113,65.0,0.05342708685425202,0.0,3200,3200,3300,3500,3500,3500,3500,3500,3500,3500,3500
POST,POST /user/[email]/description,358,0,2900,2911.5509849161044,2375.3862000012305,3933.0397000012454,1129.0,1.9126897093822224,0.0,2900,3000,3000,3100,3300,3400,3600,3700,3900,3900,3900
,Aggregated,451,0,2800,2639.0634472283477,730.4991999990307,7458.673799992539,1010.8270509977827,2.409561617126766,0.0,2800,2900,3000,3000,3300,3500,3700,6900,7500,7500,7500
