Type,Name,Request Count,Failure Count,Median Response Time,Average Response Time,Min Response Time,Max Response Time,Average Content Size,Requests/s,Failures/s,50%,66%,75%,80%,90%,95%,98%,99%,99.9%,99.99%,100%
DELETE,DELETE /user/[email] [cleanup],19,0,16000,15949.2040052673,10490.330099972198,18715.840300021227,65.0,0.09574230932348658,0.0,16000,16000,18000,18000,18000,19000,19000,19000,19000,19000,19000
GET,GET /user/[email],48,0,1000,1054.2321437490803,781.6488999815192,1592.312499997206,1707.2916666666667,0.24187530776459767,0.0,1000,1100,1100,1100,1200,1400,1600,1600,1600,1600,1600
POST,POST /auth/login,29,0,1200,1281.1399931068017,1036.5971999999601,1999.6752000006381,56.0,0.1461329984411111,0.0,1200,1300,1400,1400,1500,1800,2000,2000,2000,2000,2000
POST,POST /auth/signup [setup],20,0,7600,7325.997024997196,5315.208000014536,9096.604199992726,65.0,0.10078137823524903,0.0,7600,7800,8000,8100,8500,9100,9100,9100,9100,9100,9100
POST,POST /user/[email]/description,85,0,4800,4721.207171766197,3008.321799978148,6756.262100010645,1129.0,0.4283208574998084,0.0,4800,5200,5300,5500,5900,6200,6700,6800,6800,6800,6800
POST,POST /user/[email]/profile-photo,219,0,11000,10398.413046575326,4512.607400014531,12973.2684000046,1126.0913242009133,1.103556091675977,0.0,11000,11000,11000,12000,12000,12000,13000,13000,13000,13000,13000
,Aggregated,420,0,8700,7656.824014524281,781.6488999815192,18715.840300021227,1020.6857142857143,2.1164089429402297,0.0,8800,11000,11000,11000,12000,13000,16000,18000,19000,19000,19000
