Type,Name,Request Count,Failure Count,Median Response Time,Average Response Time,Min Response Time,Max Response Time,Average Content Size,Requests/s,Failures/s,50%,66%,75%,80%,90%,95%,98%,99%,99.9%,99.99%,100%
DELETE,DELETE /user/[email] [cleanup],5,0,5400,5384.5641000021715,5147.009599982994,5576.264200004516,65.0,0.026980839236573396,0.0,5400,5500,5500,5600,5600,5600,5600,5600,5600,5600,5600
GET,GET /user/[email],99,0,770,799.1749787878955,700.2875999896787,1206.7902999988291,1012.969696969697,0.5342206168841532,0.0,770,800,810,820,900,1100,1200,1200,1200,1200,1200
POST,POST /auth/login,48,0,950,978.8050354127336,902.6982999930624,1513.444799988065,56.0,0.2590160566711046,0.0,950,970,990,1000,1100,1100,1500,1500,1500,1500,1500
POST,POST /auth/signup [setup],5,0,2700,2650.7919800060336,2462.8007000137586,2846.2511000107042,65.0,0.026980839236573396,0.0,2700,2700,2700,2800,2800,2800,2800,2800,2800,2800,2800
POST,POST /user/[email]/description,128,0,2700,2656.616556249446,2271.616300015012,3521.590099990135,1129.0,0.6907094844562789,0.0,2700,2700,2700,2800,2800,3000,3200,3300,3500,3500,3500
,Aggregated,285,0,1100,1776.5777691220455,700.2875999896787,5576.264200004516,870.6456140350878,1.5379078364846834,0.0,1100,2600,2700,2700,2800,2900,3500,5400,5600,5600,5600
