Type,Name,Request Count,Failure Count,Median Response Time,Average Response Time,Min Response Time,Max Response Time,Average Content Size,Requests/s,Failures/s,50%,66%,75%,80%,90%,95%,98%,99%,99.9%,99.99%,100%
DELETE,DELETE /user/[email] [cleanup],9,0,9100,8667.721522221756,7285.071599995717,9721.939200011548,65.0,0.04750612535860665,0.0,9100,9200,9300,9400,9700,9700,9700,9700,9700,9700,9700
GET,GET /user/[email],154,0,850,862.933492857219,726.1739999812562,1387.5820999965072,1693.6883116883116,0.8128825894694915,0.0,850,880,910,930,960,1000,1100,1100,1400,1400,1400
POST,POST /auth/login,74,0,1000,1029.8649486491765,900.514100008877,1630.9073999873362,56.0,0.3906059196152102,0.0,1000,1000,1100,1100,1100,1100,1200,1600,1600,1600,1600
POST,POST /auth/signup [setup],10,0,3800,3944.8781799990684,3465.5581999977585,4559.5041999768,65.0,0.05278458373178516,0.0,4000,4200,4200,4200,4600,4600,4600,4600,4600,4600,4600
POST,POST /user/[email]/description,54,0,2800,2839.269381482154,2339.3235000257846,3813.835300010396,1129.0,0.28503675215163987,0.0,2800,2900,2900,3000,3200,3400,3800,3800,3800,3800,3800
POST,POST /user/[email]/profile-photo,125,0,6200,6125.025180800818,3806.886999984272,7765.952399990056,1126.08,0.6598072966473145,0.0,6200,6300,6400,6500,6800,7000,7400,7600,7800,7800,7800
,Aggregated,426,0,1100,2923.7294220661406,726.1739999812562,9721.939200011548,1098.4342723004695,2.248623266974048,0.0,1100,3500,5900,6100,6400,6800,7700,9100,9700,9700,9700
