Type,Name,Request Count,Failure Count,Median Response Time,Average Response Time,Min Response Time,Max Response Time,Average Content Size,Requests/s,Failures/s,50%,66%,75%,80%,90%,95%,98%,99%,99.9%,99.99%,100%
DELETE,DELETE /user/[email] [cleanup],10,0,11000,11147.283530001005,9668.875599993044,12588.580099996761,65.0,0.05199881007476102,0.0,11000,12000,12000,13000,13000,13000,13000,13000,13000,13000,13000
GET,GET /user/[email],418,0,880,889.7380208135033,692.3079999978654,1208.8517999945907,1514.0717703349283,2.1735502611250106,0.0,880,920,950,960,1000,1100,1100,1200,1200,1200,1200
POST,POST /auth/login,216,0,1000,1055.9175467590615,902.4119999958202,1327.9284000018379,56.0,1.123174297614838,0.0,1000,1100,1100,1100,1200,1200,1300,1300,1300,1300,1300
POST,POST /auth/signup [setup],15,0,5800,5650.248933333205,4542.36919998948,6878.370899998117,65.0,0.07799821511214153,0.0,5800,6000,6200,6300,6500,6900,6900,6900,6900,6900,6900
POST,POST /user/[email]/description,40,0,2900,2905.850007500703,2562.288699991768,3382.130400001188,1129.0,0.2079952402990441,0.0,2900,3000,3000,3000,3100,3300,3400,3400,3400,3400,3400
POST,POST /user/[email]/profile-photo,109,0,6400,6254.808188991332,4073.4964000002947,7920.607399995788,1126.1376146788991,0.5667870298148951,0.0,6400,6500,6600,6700,6900,7500,7800,7800,7900,7900,7900
,Aggregated,808,0,980,1973.048694307044,692.3079999978654,12588.580099996761,1008.059405940594,4.20150385404069,0.0,980,1100,1200,2800,6300,6600,7300,10000,13000,13000,13000
