Type,Name,Request Count,Failure Count,Median Response Time,Average Response Time,Min Response Time,Max Response Time,Average Content Size,Requests/s,Failures/s,50%,66%,75%,80%,90%,95%,98%,99%,99.9%,99.99%,100%
DELETE,DELETE /user/[email] [cleanup],4,0,7300,6951.0397750127595,5740.459599997848,7425.779700017301,65.0,0.021370688886197167,0.0,7400,7400,7400,7400,7400,7400,7400,7400,7400,7400,7400
GET,GET /user/[email],69,0,780,787.4102130476588,701.1602999991737,887.7236000262201,1711.5217391304348,0.36864438328690113,0.0,780,800,810,810,840,850,870,890,890,890,890
POST,POST /auth/login,37,0,950,972.1139459469595,903.2447000208776,1127.311299991561,56.0,0.1976788721973238,0.0,950,1000,1000,1000,1000,1100,1100,1100,1100,1100,1100
POST,POST /auth/signup [setup],5,0,3100,3136.461920000147,2913.452899985714,3372.1708999946713,65.0,0.02671336110774646,0.0,3100,3200,3200,3400,3400,3400,3400,3400,3400,3400,3400
POST,POST /user/[email]/description,32,0,2600,2626.790900000742,2355.2133000048343,2828.162699996028,1129.0,0.17096551108957733,0.0,2700,2700,2700,2700,2700,2800,2800,2800,2800,2800,2800
POST,POST /user/[email]/profile-photo,66,0,5900,5802.062490908253,4018.3594999834895,6526.181299996097,1126.0757575757575,0.35261636662225326,0.0,5900,6000,6100,6200,6300,6300,6400,6500,6500,6500,6500
,Aggregated,213,0,2400,2820.560669485193,701.1602999991737,7425.779700017301,1085.4507042253522,1.137989183189999,0.0,2400,3100,5700,5900,6100,6200,6400,7300,7400,7400,7400
