Type,Name,Request Count,Failure Count,Median Response Time,Average Response Time,Min Response Time,Max Response Time,Average Content Size,Requests/s,Failures/s,50%,66%,75%,80%,90%,95%,98%,99%,99.9%,99.99%,100%
DELETE,DELETE /user/[email] [cleanup],2,0,5249.469799993676,5291.909299994586,5249.469799993676,5334.348799995496,65.0,0.01080650463564739,0.0,5300,5300,5300,5300,5300,5300,5300,5300,5300,5300,5300
GET,GET /user/[email],15,0,800,792.4713266673886,716.115200004424,855.3520999994362,1632.8,0.08104878476735543,0.0,800,800,810,810,850,860,860,860,860,860,860
POST,POST /auth/login,7,0,970,985.3427142827838,930.3286999929696,1085.5910999962362,56.0,0.037822766224765866,0.0,970,970,1100,1100,1100,1100,1100,1100,1100,1100,1100
POST,POST /auth/signup [setup],5,0,3100,3099.046000003,2820.4882999998517,3292.8994000103557,65.0,0.027016261589118476,0.0,3100,3200,3200,3300,3300,3300,3300,3300,3300,3300,3300
POST,POST /user/[email]/description,25,0,2700,2691.2348759983433,2405.7413000118686,2920.6984999909764,1129.0,0.13508130794559237,0.0,2700,2700,2800,2800,2900,2900,2900,2900,2900,2900,2900
POST,POST /user/[email]/profile-photo,96,0,5900,5902.353463541355,4070.1885000016773,7323.552400004701,1126.0520833333333,0.5187122225110747,0.0,5900,6000,6100,6200,6300,6500,6600,7300,7300,7300,7300
,Aggregated,150,0,5800,4525.135479332821,716.115200004424,7323.552400004701,1077.7666666666667,0.8104878476735543,0.0,5800,5900,6000,6100,6300,6400,6500,6600,7300,7300,7300
