Type,Name,Request Count,Failure Count,Median Response Time,Average Response Time,Min Response Time,Max Response Time,Average Content Size,Requests/s,Failures/s,50%,66%,75%,80%,90%,95%,98%,99%,99.9%,99.99%,100%
DELETE,DELETE /user/[email] [cleanup],7,0,6200,6130.59261428342,5668.653499989887,6493.920299995807,65.0,0.037585601795014974,0.0,6200,6300,6300,6300,6500,6500,6500,6500,6500,6500,6500
GET,GET /user/[email],330,0,820,822.0047693940367,705.9688000008464,1134.1143000026932,945.3939393939394,1.7718926560507058,0.0,820,840,860,880,900,940,990,1000,1100,1100,1100
POST,POST /auth/login,194,0,980,988.3951211339025,875.7308999920497,1233.2157000055304,56.0,1.041658106890415,0.0,980,1000,1000,1000,1100,1100,1100,1200,1200,1200,1200
POST,POST /auth/signup [setup],10,0,3100,3097.3561999955564,2675.277399990591,3543.8374999939697,65.0,0.05369371685002139,0.0,3100,3300,3300,3300,3500,3500,3500,3500,3500,3500,3500
POST,POST /user/[email]/description,123,0,2700,2692.0565869911184,2343.1689999997616,3076.085699998657,1129.0,0.6604327172552631,0.0,2700,2700,2800,2800,2800,2900,2900,2900,3100,3100,3100
,Aggregated,664,0,920,1307.2603884033979,705.9688000008464,6493.920299995807,697.0120481927711,3.5652627988414203,0.0,920,1000,1100,2500,2700,2800,3100,5700,6500,6500,6500
