Type,Name,Request Count,Failure Count,Median Response Time,Average Response Time,Min Response Time,Max Response Time,Average Content Size,Requests/s,Failures/s,50%,66%,75%,80%,90%,95%,98%,99%,99.9%,99.99%,100%
DELETE,DELETE /user/[email] [cleanup],16,0,16000,16022.462556247774,12121.456000008038,17716.250099998433,65.0,0.08102830917452698,0.0,17000,17000,17000,17000,18000,18000,18000,18000,18000,18000,18000
GET,GET /user/[email],533,0,1000,1019.9321756096753,731.7872999992687,1555.5362000013702,1543.6285178236399,2.69925554937643,0.0,1000,1100,1100,1100,1200,1300,1400,1500,1600,1600,1600
POST,POST /auth/login,243,0,1200,1180.1429427982932,921.0809999931371,1591.1570000025677,56.0,1.2306174455881287,0.0,1200,1200,1300,1300,1400,1500,1500,1500,1600,1600,1600
POST,POST /auth/signup [setup],20,0,7200,7223.407555000449,5768.027799989795,8899.843399995007,65.0,0.10128538646815874,0.0,7200,7800,8100,8100,8500,8900,8900,8900,8900,8900,8900
POST,POST /user/[email]/description,51,0,3300,3354.380225489948,2539.1926000011154,4335.849699986284,1129.0,0.2582777354938048,0.0,3300,3500,3700,3800,4100,4300,4300,4300,4300,4300,4300
POST,POST /user/[email]/profile-photo,132,0,7100,6961.648633332516,4287.345299992012,9205.019300003187,1126.1515151515152,0.6684835506898477,0.0,7100,7600,7800,7900,8200,8500,8900,9000,9200,9200,9200
,Aggregated,995,0,1100,2332.9016560801997,731.7872999992687,17716.250099998433,1050.1839195979899,5.038947976790897,0.0,1100,1200,1400,3200,7000,7900,8900,16000,18000,18000,18000
