Type,Name,Request Count,Failure Count,Median Response Time,Average Response Time,Min Response Time,Max Response Time,Average Content Size,Requests/s,Failures/s,50%,66%,75%,80%,90%,95%,98%,99%,99.9%,99.99%,100%
DELETE,DELETE /user/[email] [cleanup],6,0,11000,11255.281600000066,8076.778100003139,14008.357699989574,65.0,0.03097026388994391,0.0,12000,12000,12000,12000,14000,14000,14000,14000,14000,14000,14000
GET,GET /user/[email],57,0,920,928.0615736852428,758.2947000046261,1201.7594999924768,1664.0701754385964,0.2942175069544672,0.0,920,950,970,990,1000,1100,1100,1200,1200,1200,1200
POST,POST /auth/login,33,0,1100,1121.914145451614,962.0469999936176,1470.8881999977166,56.0,0.17033645139469153,0.0,1100,1100,1200,1200,1200,1400,1500,1500,1500,1500,1500
POST,POST /auth/signup [setup],15,0,5400,5640.45080000069,4765.477199995075,7154.214399997727,65.0,0.07742565972485978,0.0,5400,6000,6200,6600,6700,7200,7200,7200,7200,7200,7200
POST,POST /user/[email]/description,88,0,3500,3654.408237500816,2831.2242000101833,4998.592999996617,1129.0,0.4542305370525107,0.0,3600,3900,4100,4200,4500,4600,4900,5000,5000,5000,5000
POST,POST /user/[email]/profile-photo,199,0,7800,7845.230267839097,4295.242099993629,10547.828099995968,1126.0753768844222,1.027180419016473,0.0,7800,8300,8600,8900,9400,9700,10000,10000,11000,11000,11000
,Aggregated,398,0,6100,5338.818784673434,758.2947000046261,14008.357699989574,1059.0603015075376,2.054360838032946,0.0,6200,7500,7900,8100,9000,9500,10000,11000,14000,14000,14000
