Type,Name,Request Count,Failure Count,Median Response Time,Average Response Time,Min Response Time,Max Response Time,Average Content Size,Requests/s,Failures/s,50%,66%,75%,80%,90%,95%,98%,99%,99.9%,99.99%,100%
DELETE,DELETE /user/[email] [cleanup],7,0,13000,12630.76475714375,10220.101700004307,14699.4418999966,65.0,0.03600108463830361,0.0,13000,14000,14000,14000,15000,15000,15000,15000,15000,15000,15000
GET,GET /user/[email],58,0,910,931.3634775861484,749.1460999881383,1192.861300005461,1760.9310344827586,0.2982947012888013,0.0,910,950,980,1000,1100,1100,1100,1200,1200,1200,1200
POST,POST /auth/login,25,0,1100,1119.3179399997462,986.4528000034625,1425.5400999973062,56.0,0.12857530227965575,0.0,1100,1200,1200,1200,1200,1200,1400,1400,1400,1400,1400
POST,POST /auth/signup [setup],15,0,5800,5750.155219999336,4022.5795000005746,7265.041200007545,65.0,0.07714518136779344,0.0,5800,6100,6300,6700,6900,7300,7300,7300,7300,7300,7300
POST,POST /user/[email]/description,98,0,3600,3659.5717683682165,2493.301299997256,4850.236100013717,1129.0,0.5040151849362505,0.0,3600,4000,4200,4300,4500,4700,4800,4900,4900,4900,4900
POST,POST /user/[email]/profile-photo,196,0,8000,7926.121834184136,4216.473499996937,10516.72050000343,1126.0765306122448,1.008030369872501,0.0,8000,8400,8700,8800,9300,9600,10000,10000,11000,11000,11000
,Aggregated,399,0,5900,5435.658207017949,749.1460999881383,14699.4418999966,1093.5263157894738,2.0520618243833058,0.0,5900,7600,8100,8400,9100,9500,10000,13000,15000,15000,15000
