Type,Name,Request Count,Failure Count,Median Response Time,Average Response Time,Min Response Time,Max Response Time,Average Content Size,Requests/s,Failures/s,50%,66%,75%,80%,90%,95%,98%,99%,99.9%,99.99%,100%
DELETE,DELETE /user/[email] [cleanup],8,0,9200,8854.25933749866,6943.106499995338,9627.144199999748,65.0,0.042245691566847335,0.0,9300,9500,9600,9600,9600,9600,9600,9600,9600,9600,9600
GET,GET /user/[email],271,0,850,859.1695538743136,716.124900005525,1255.5630999995628,1630.619926199262,1.4310728018269534,0.0,850,880,900,910,950,990,1100,1100,1300,1300,1300
POST,POST /auth/login,152,0,1000,1010.5617111838862,881.8307000037748,1375.053099996876,56.0,0.8026681397700993,0.0,1000,1000,1000,1100,1100,1200,1200,1200,1400,1400,1400
POST,POST /auth/signup [setup],10,0,4100,4179.13939999853,3634.7123999876203,4707.813399989391,65.0,0.052807114458559165,0.0,4200,4300,4500,4700,4700,4700,4700,4700,4700,4700,4700
POST,POST /user/[email]/description,24,0,2800,2945.8266333349457,2510.0642000033986,3682.3237000062363,1129.0,0.126737074700542,0.0,2800,2900,3100,3500,3600,3600,3700,3700,3700,3700,3700
POST,POST /user/[email]/profile-photo,82,0,6200,5995.838853659068,4014.153400014038,7549.911499998416,1126.121951219512,0.4330183385601852,0.0,6200,6200,6300,6400,6600,6800,7200,7500,7500,7500,7500
,Aggregated,547,0,950,1940.4468429615113,716.124900005525,9627.144199999748,1043.9085923217551,2.8885491608831866,0.0,950,1000,1100,2900,6100,6400,6900,9000,9600,9600,9600
