Type,Name,Request Count,Failure Count,Median Response Time,Average Response Time,Min Response Time,Max Response Time,Average Content Size,Requests/s,Failures/s,50%,66%,75%,80%,90%,95%,98%,99%,99.9%,99.99%,100%
DELETE,DELETE /user/[email] [cleanup],5,0,5100,5151.900280002155,4825.367900004494,5509.427099997993,65.0,0.02699019016949525,0.0,5100,5300,5300,5500,5500,5500,5500,5500,5500,5500,5500
GET,GET /user/[email],38,0,770,774.7810657885183,722.4391000054311,879.9514999991516,1016.5263157894736,0.20512544528816387,0.0,770,780,790,800,820,870,880,880,880,880,880
POST,POST /auth/login,20,0,940,956.5043650029111,903.3357999869622,1075.4363000014564,56.0,0.107960760677981,0.0,940,970,1000,1000,1000,1100,1100,1100,1100,1100,1100
POST,POST /auth/signup [setup],5,0,2700,2700.6040999956895,2493.421399994986,2897.383899995475,65.0,0.02699019016949525,0.0,2700,2800,2800,2900,2900,2900,2900,2900,2900,2900,2900
POST,POST /user/[email]/description,179,0,2700,2639.66502625729,2275.441600009799,3138.5797999973875,1129.0,0.9662488080679298,0.0,2700,2700,2700,2700,2800,2900,3000,3100,3100,3100,3100
,Aggregated,247,0,2600,2268.5600380569476,722.4391000054311,5509.427099997993,981.7368421052631,1.3333153943730651,0.0,2600,2700,2700,2700,2800,2900,4800,5100,5500,5500,5500
