Type,Name,Request Count,Failure Count,Median Response Time,Average Response Time,Min Response Time,Max Response Time,Average Content Size,Requests/s,Failures/s,50%,66%,75%,80%,90%,95%,98%,99%,99.9%,99.99%,100%
DELETE,DELETE /user/[email] [cleanup],8,0,6500,6493.191662499157,6071.687999996357,6872.627700009616,65.0,0.042873137180007834,0.0,6600,6700,6700,6700,6900,6900,6900,6900,6900,6900,6900
GET,GET /user/[email],181,0,790,809.7094016574781,703.5411999968346,1051.3694999972358,975.9337016574585,0.9700047286976772,0.0,790,820,830,860,900,910,980,1000,1100,1100,1100
POST,POST /auth/login,110,0,990,997.9319781789937,906.9964999798685,1165.5276000092272,56.0,0.5895056362251077,0.0,990,1000,1000,1000,1100,1100,1100,1100,1200,1200,1200
POST,POST /auth/signup [setup],10,0,3100,3115.071440007887,2704.9036000098567,3456.5092000120785,65.0,0.05359142147500979,0.0,3200,3300,3300,3500,3500,3500,3500,3500,3500,3500,3500
POST,POST /user/[email]/description,254,0,2700,2734.9151980315655,2302.902900002664,3304.1308999818284,1129.0,1.3612221054652487,0.0,2700,2800,2800,2900,3000,3000,3100,3200,3300,3300,3300
,Aggregated,563,0,1100,1836.7577749552088,703.5411999968346,6872.627700009616,836.1278863232682,3.017197029043051,0.0,1100,2700,2700,2800,2900,3000,3300,6300,6900,6900,6900
