Type,Name,Request Count,Failure Count,Median Response Time,Average Response Time,Min Response Time,Max Response Time,Average Content Size,Requests/s,Failures/s,50%,66%,75%,80%,90%,95%,98%,99%,99.9%,99.99%,100%
DELETE,DELETE /user/[email] [cleanup],10,0,9200,8503.887629996461,6046.768999993219,9461.55639999779,65.0,0.052852466827532335,0.0,9200,9200,9300,9400,9500,9500,9500,9500,9500,9500,9500
GET,GET /user/[email],514,0,880,885.179611478142,718.3310999971582,1234.8083999968367,977.5252918287938,2.7166167949351623,0.0,880,910,940,960,1000,1100,1100,1100,1200,1200,1200
POST,POST /auth/login,263,0,1100,1064.3408638784267,898.8884999998845,1452.0926999975927,56.0,1.3900198775641004,0.0,1100,1100,1100,1100,1200,1200,1300,1300,1500,1500,1500
POST,POST /auth/signup [setup],15,0,3900,3855.924066666436,3313.7805000005756,4358.395499992184,65.0,0.0792787002412985,0.0,3900,4000,4100,4200,4200,4400,4400,4400,4400,4400,4400
POST,POST /user/[email]/description,168,0,2900,2850.3702642860194,2431.2716999993427,3440.4748999950243,1129.0,0.8879214427025433,0.0,2900,2900,3000,3000,3100,3100,3300,3300,3400,3400,3400
,Aggregated,970,0,980,1398.6019682472202,718.3310999971582,9461.55639999779,730.3845360824743,5.126689282270637,0.0,980,1100,1200,1500,2900,3000,3700,6000,9500,9500,9500
