Type,Name,Request Count,Failure Count,Median Response Time,Average Response Time,Min Response Time,Max Response Time,Average Content Size,Requests/s,Failures/s,50%,66%,75%,80%,90%,95%,98%,99%,99.9%,99.99%,100%
DELETE,DELETE /user/[email] [cleanup],6,0,8800,9001.25085000036,8312.344899997697,9579.61480000813,65.0,0.03169158966864733,0.0,9200,9200,9300,9300,9600,9600,9600,9600,9600,9600,9600
GET,GET /user/[email],75,0,900,916.2559559989799,737.6049000013154,1215.1309000037145,1028.1066666666666,0.3961448708580916,0.0,900,930,970,990,1100,1100,1100,1200,1200,1200,1200
POST,POST /auth/login,47,0,1100,1103.5117702118982,976.6387999989092,1296.4676999981748,56.0,0.2482507857377374,0.0,1100,1100,1100,1200,1200,1200,1300,1300,1300,1300,1300
POST,POST /auth/signup [setup],15,0,3700,3737.066186669593,3393.9289999980247,4205.932600001688,65.0,0.07922897417161832,0.0,3700,3900,4000,4100,4100,4200,4200,4200,4200,4200,4200
POST,POST /user/[email]/description,479,0,3200,3324.863753444729,2412.159800005611,4960.254100005841,1129.0,2.530045241880345,0.0,3200,3400,3600,3700,4000,4300,4500,4600,5000,5000,5000
,Aggregated,622,0,3100,2931.282131350408,737.6049000013154,9579.61480000813,999.8327974276527,3.2853614623164398,0.0,3100,3300,3500,3700,4000,4200,4600,5000,9600,9600,9600
