Type,Name,Request Count,Failure Count,Median Response Time,Average Response Time,Min Response Time,Max Response Time,Average Content Size,Requests/s,Failures/s,50%,66%,75%,80%,90%,95%,98%,99%,99.9%,99.99%,100%
DELETE,DELETE /user/[email] [cleanup],14,0,13000,12776.004721431362,10833.09550001286,13604.938800010132,65.0,0.07240751110912205,0.0,13000,13000,13000,13000,14000,14000,14000,14000,14000,14000,14000
GET,GET /user/[email],288,0,990,1008.8990086804996,773.7884999951348,1556.399599998258,1010.0277777777778,1.489525942816225,0.0,990,1000,1100,1100,1200,1300,1400,1500,1600,1600,1600
POST,POST /auth/login,148,0,1200,1214.2913689189104,950.9352000022773,1758.285000018077,56.0,0.7654508317250045,0.0,1200,1300,1300,1300,1400,1400,1500,1500,1800,1800,1800
POST,POST /auth/signup [setup],20,0,4900,4998.576349997893,3999.554000009084,5904.403399996227,65.0,0.10343930158446007,0.0,5000,5100,5600,5600,5900,5900,5900,5900,5900,5900,5900
POST,POST /user/[email]/description,453,0,3600,3661.343983885363,2429.030300001614,5513.541499996791,1129.0,2.3429001808880208,0.0,3600,3900,4100,4300,4600,4700,4900,5000,5500,5500,5500
,Aggregated,923,0,2900,2608.561706283908,773.7884999951348,13604.938800010132,880.6316359696641,4.773723768122832,0.0,2900,3300,3700,3900,4400,4800,5600,13000,14000,14000,14000
