Type,Name,Request Count,Failure Count,Median Response Time,Average Response Time,Min Response Time,Max Response Time,Average Content Size,Requests/s,Failures/s,50%,66%,75%,80%,90%,95%,98%,99%,99.9%,99.99%,100%
DELETE,DELETE /user/[email] [cleanup],1,0,6616.329600001336,6616.329600001336,6616.329600001336,6616.329600001336,65.0,0.005366298341809125,0.0,6600,6600,6600,6600,6600,6600,6600,6600,6600,6600,6600
GET,GET /user/[email],318,0,820,830.5365094341101,700.5031000007875,1221.3829000102123,950.2389937106918,1.7064828726953016,0.0,820,850,870,890,930,970,1000,1000,1200,1200,1200
POST,POST /auth/login,189,0,980,991.9052380957135,878.1358999985969,1284.6183000074234,56.0,1.0142303866019244,0.0,980,1000,1000,1000,1100,1100,1100,1300,1300,1300,1300
POST,POST /auth/signup [setup],10,0,3300,3320.5894500002614,2822.837600004277,3771.791499995743,65.0,0.05366298341809125,0.0,3400,3500,3500,3700,3800,3800,3800,3800,3800,3800,3800
POST,POST /user/[email]/description,128,0,2800,2773.564721093294,2245.4433999955654,3290.7793000049423,1129.0,0.686886187751568,0.0,2800,2800,2900,2900,3000,3000,3100,3100,3300,3300,3300
,Aggregated,646,0,930,1310.2464526317065,700.5031000007875,6616.329600001336,708.9582043343653,3.4666287288086943,0.0,930,1000,1100,2600,2800,2900,3000,3300,6600,6600,6600
