Type,Name,Request Count,Failure Count,Median Response Time,Average Response Time,Min Response Time,Max Response Time,Average Content Size,Requests/s,Failures/s,50%,66%,75%,80%,90%,95%,98%,99%,99.9%,99.99%,100%
GET,GET /user/[email],173,0,790,797.7898988440078,687.6875000016298,935.2648999920348,993.5953757225434,0.9656658541196413,0.0,790,820,830,840,860,880,900,930,940,940,940
POST,POST /auth/login,84,0,940,957.8166869053218,875.2210999955423,1084.2631999985315,56.0,0.4688782181852594,0.0,950,970,980,1000,1000,1000,1100,1100,1100,1100,1100
POST,POST /auth/signup [setup],5,0,2700,2707.5346400000853,2516.2225000094622,2911.823899994488,65.0,0.027909417749122582,0.0,2700,2800,2800,2900,2900,2900,2900,2900,2900,2900,2900
POST,POST /user/[email]/description,68,0,2700,2678.5959735316283,2290.7791000034194,3012.9395999974804,1129.0,0.37956808138806714,0.0,2700,2700,2700,2800,2800,2800,3000,3000,3000,3000,3000
,Aggregated,330,0,880,1255.0195563642774,687.6875000016298,3012.9395999974804,768.7666666666667,1.8420215714420904,0.0,880,950,1000,2600,2700,2800,2800,2900,3000,3000,3000
