Type,Name,Request Count,Failure Count,Median Response Time,Average Response Time,Min Response Time,Max Response Time,Average Content Size,Requests/s,Failures/s,50%,66%,75%,80%,90%,95%,98%,99%,99.9%,99.99%,100%
DELETE,DELETE /user/[email] [cleanup],4,0,9800,9655.385999998543,7407.6809999969555,10773.662999999942,65.0,0.020997406994420934,0.0,11000,11000,11000,11000,11000,11000,11000,11000,11000,11000,11000
GET,GET /user/[email],291,0,840,862.6927498280378,701.2325000105193,1190.8542000019224,1537.979381443299,1.527561358844123,0.0,840,880,910,930,990,1100,1100,1200,1200,1200,1200
POST,POST /auth/login,134,0,1000,1028.2097604481282,878.4946000087075,1462.101500001154,56.0,0.7034131343131014,0.0,1000,1000,1100,1100,1100,1200,1300,1300,1500,1500,1500
POST,POST /auth/signup [setup],10,0,4100,4211.868360001245,3623.4983000031207,4769.360300007975,65.0,0.05249351748605234,0.0,4100,4400,4500,4700,4800,4800,4800,4800,4800,4800,4800
POST,POST /user/[email]/description,34,0,2800,2827.8054029420564,2464.058400000795,3436.795499990694,1129.0,0.17847795945257794,0.0,2800,2800,2900,2900,3000,3100,3400,3400,3400,3400,3400
POST,POST /user/[email]/profile-photo,74,0,6200,6012.762612162348,3879.852400001255,7026.871499998379,1126.1351351351352,0.3884520293967873,0.0,6200,6300,6400,6500,6600,6800,7000,7000,7000,7000,7000
,Aggregated,547,0,960,1847.630242596085,701.2325000105193,10773.662999999942,1056.0987202925046,2.871395406487063,0.0,960,1000,1100,2800,6100,6400,6600,7000,11000,11000,11000
