Type,Name,Request Count,Failure Count,Median Response Time,Average Response Time,Min Response Time,Max Response Time,Average Content Size,Requests/s,Failures/s,50%,66%,75%,80%,90%,95%,98%,99%,99.9%,99.99%,100%
DELETE,DELETE /user/[email] [cleanup],10,0,8900,8970.620119999512,8391.837099989061,9584.428899994236,65.0,0.05282176428002821,0.0,9300,9300,9400,9500,9600,9600,9600,9600,9600,9600,9600
GET,GET /user/[email],467,0,870,891.0523301931943,705.5399999953806,1616.1332999909064,986.5182012847965,2.466776391877317,0.0,870,920,950,960,1000,1100,1100,1100,1600,1600,1600
POST,POST /auth/login,274,0,1000,1051.529400730119,869.626400002744,1405.2757999888854,56.0,1.447316341272773,0.0,1000,1100,1100,1100,1200,1200,1300,1300,1400,1400,1400
POST,POST /auth/signup [setup],15,0,4400,4267.678553332614,3146.490699989954,4751.31490000058,65.0,0.07923264642004231,0.0,4400,4700,4700,4700,4700,4800,4800,4800,4800,4800,4800
POST,POST /user/[email]/description,185,0,2900,2884.580462163226,2367.799300001934,3551.1894000082975,1129.0,0.9772026391805219,0.0,2900,3000,3000,3000,3100,3200,3400,3500,3600,3600,3600
,Aggregated,951,0,990,1463.3115236597844,705.5399999953806,9584.428899994236,721.9116719242902,5.023349783030683,0.0,990,1100,1200,2700,2900,3100,4000,8400,9600,9600,9600
