Type,Name,Request Count,Failure Count,Median Response Time,Average Response Time,Min Response Time,Max Response Time,Average Content Size,Requests/s,Failures/s,50%,66%,75%,80%,90%,95%,98%,99%,99.9%,99.99%,100%
GET,GET /user/[email],25,0,760,767.7842720010085,730.014000000665,871.0992000123952,1040.0,0.13942987107950705,0.0,760,770,780,790,790,840,870,870,870,870,870
POST,POST /auth/login,22,0,940,952.1703090907646,896.6261000023223,1066.0624000011012,56.0,0.12269828654996622,0.0,950,970,980,980,1000,1000,1100,1100,1100,1100,1100
POST,POST /auth/signup [setup],5,0,2700,2690.244739994523,2498.496599990176,2886.438100002124,65.0,0.027885974215901412,0.0,2700,2800,2800,2900,2900,2900,2900,2900,2900,2900,2900
POST,POST /user/[email]/description,185,0,2700,2663.185383783688,2263.0861999932677,2998.714100001962,1129.0,1.0317810459883523,0.0,2700,2700,2700,2800,2800,2900,3000,3000,3000,3000,3000
,Aggregated,237,0,2600,2304.9910265821813,730.014000000665,2998.714100001962,997.5611814345991,1.321795177833727,0.0,2600,2700,2700,2700,2800,2900,3000,3000,3000,3000,3000
