Type,Name,Request Count,Failure Count,Median Response Time,Average Response Time,Min Response Time,Max Response Time,Average Content Size,Requests/s,Failures/s,50%,66%,75%,80%,90%,95%,98%,99%,99.9%,99.99%,100%
DELETE,DELETE /user/[email] [cleanup],8,0,14000,13932.081675000518,11871.244899986777,15763.066900020931,65.0,0.04092465742188842,0.0,14000,15000,15000,15000,16000,16000,16000,16000,16000,16000,16000
GET,GET /user/[email],202,0,890,909.3313341594928,740.9095000184607,1263.1722999794874,1675.0594059405942,1.0333475999026827,0.0,890,940,960,980,1000,1100,1100,1200,1300,1300,1300
POST,POST /auth/login,99,0,1100,1087.573274748983,952.5112000119407,1288.4786000067834,56.0,0.5064426355958692,0.0,1100,1100,1100,1200,1200,1300,1300,1300,1300,1300,1300
POST,POST /auth/signup [setup],15,0,5900,5949.591739995715,4623.70669998927,7390.2074999932665,65.0,0.07673373266604079,0.0,5900,5900,6600,7000,7200,7400,7400,7400,7400,7400,7400
POST,POST /user/[email]/description,69,0,3000,3217.9698492733564,2536.0360000049695,4779.096099984599,1129.0,0.35297517026378766,0.0,3000,3200,3300,3600,4300,4500,4700,4800,4800,4800,4800
POST,POST /user/[email]/profile-photo,174,0,6900,7039.6769672408755,3947.5782999943476,9946.460699982708,1126.0862068965516,0.8901112989260732,0.0,6900,7300,7800,8000,8900,9200,9600,9900,9900,9900,9900
,Aggregated,567,0,1200,3419.7511906526997,740.9095000184607,15763.066900020931,1092.1358024691358,2.900535094776342,0.0,1200,4400,6500,6800,7500,8800,9600,13000,16000,16000,16000
