Type,Name,Request Count,Failure Count,Median Response Time,Average Response Time,Min Response Time,Max Response Time,Average Content Size,Requests/s,Failures/s,50%,66%,75%,80%,90%,95%,98%,99%,99.9%,99.99%,100%
GET,GET /user/[email],151,0,820,820.5803543048223,694.348799996078,932.7564999985043,1540.41059602649,0.8417033380823958,0.0,820,850,870,870,890,910,920,930,930,930,930
POST,POST /auth/login,72,0,960,969.0636305557645,875.4257999971742,1137.3464000062086,56.0,0.40134198901942053,0.0,960,980,1000,1000,1100,1100,1100,1100,1100,1100,1100
POST,POST /auth/signup [setup],5,0,3200,3163.532640002086,2953.2404000055976,3367.9999000014504,65.0,0.02787097145968198,0.0,3200,3300,3300,3400,3400,3400,3400,3400,3400,3400,3400
POST,POST /user/[email]/description,17,0,2700,2758.7787882366683,2585.9485999972094,2983.8520999910543,1129.0,0.09476130296291874,0.0,2700,2800,2800,2800,2900,3000,3000,3000,3000,3000,3000
POST,POST /user/[email]/profile-photo,38,0,6000,5824.229484209546,4012.0069999975385,6448.264399994514,1126.1315789473683,0.21181938309358306,0.0,6000,6100,6100,6100,6300,6300,6400,6400,6400,6400,6400
,Aggregated,283,0,900,1688.0488971732852,694.348799996078,6448.264399994514,1056.3427561837457,1.577496984618,0.0,900,960,1000,2700,5900,6100,6200,6300,6400,6400,6400
