Type,Name,Request Count,Failure Count,Median Response Time,Average Response Time,Min Response Time,Max Response Time,Average Content Size,Requests/s,Failures/s,50%,66%,75%,80%,90%,95%,98%,99%,99.9%,99.99%,100%
DELETE,DELETE /user/[email] [cleanup],12,0,13000,12458.625291663338,7088.87359999062,14737.832399987383,65.0,0.06170468190159526,0.0,13000,13000,14000,14000,15000,15000,15000,15000,15000,15000,15000
GET,GET /user/[email],55,0,900,927.6031018176582,761.4597999927355,1197.6553999993484,1508.6909090909091,0.2828131253823116,0.0,900,940,970,1000,1000,1100,1200,1200,1200,1200,1200
POST,POST /auth/login,35,0,1200,1161.7113371429566,916.9604000053369,1369.5288000017172,56.0,0.17997198887965285,0.0,1200,1200,1200,1200,1300,1400,1400,1400,1400,1400,1400
POST,POST /auth/signup [setup],15,0,5400,5557.945746666519,4514.549900006386,6862.886400005664,65.0,0.07713085237699407,0.0,5400,6000,6200,6200,6400,6900,6900,6900,6900,6900,6900
POST,POST /user/[email]/description,84,0,3400,3585.0208714293244,2523.73770000122,5162.081800008309,1129.0,0.4319327733111668,0.0,3500,3800,4000,4100,4500,4900,5000,5200,5200,5200,5200
POST,POST /user/[email]/profile-photo,199,0,8100,7883.836783417313,4193.476499989629,10537.520199999562,1126.0753768844222,1.0232693082014548,0.0,8100,8500,8700,8900,9500,9800,10000,11000,11000,11000,11000
,Aggregated,400,0,6000,5486.440075500095,761.4597999927355,14737.832399987383,1014.045,2.056822730053175,0.0,6100,7600,8200,8500,9200,9800,12000,14000,15000,15000,15000
