Type,Name,Request Count,Failure Count,Median Response Time,Average Response Time,Min Response Time,Max Response Time,Average Content Size,Requests/s,Failures/s,50%,66%,75%,80%,90%,95%,98%,99%,99.9%,99.99%,100%
DELETE,DELETE /user/[email] [cleanup],15,0,12000,11357.14547999863,7385.965199995553,12518.465200002538,65.0,0.07801718261752316,0.0,12000,12000,12000,12000,12000,13000,13000,13000,13000,13000,13000
GET,GET /user/[email],575,0,990,1001.5923328694645,717.0525999972597,1659.479599999031,996.5634782608696,2.9906586670050546,0.0,990,1100,1100,1100,1200,1200,1300,1400,1700,1700,1700
POST,POST /auth/login,332,0,1200,1172.4846629521523,906.0496000020066,1837.488499993924,56.0,1.7267803086011795,0.0,1200,1200,1300,1300,1400,1500,1500,1500,1800,1800,1800
POST,POST /auth/signup [setup],20,0,4700,4971.696349998092,4365.665599994827,5624.197099998128,65.0,0.10402291015669755,0.0,4700,5400,5500,5500,5600,5600,5600,5600,5600,5600,5600
POST,POST /user/[email]/description,247,0,3100,3137.6269097161985,2391.888199999812,3976.7549999960465,1129.0,1.284682940435215,0.0,3100,3200,3300,3400,3500,3700,3900,4000,4000,4000,4000
,Aggregated,1189,0,1100,1690.467161816568,717.0525999972597,12518.465200002538,734.0235492010092,6.18416200881567,0.0,1100,1200,1500,2900,3200,3500,4700,11000,12000,13000,13000
