Type,Name,Request Count,Failure Count,Median Response Time,Average Response Time,Min Response Time,Max Response Time,Average Content Size,Requests/s,Failures/s,50%,66%,75%,80%,90%,95%,98%,99%,99.9%,99.99%,100%
DELETE,DELETE /user/[email] [cleanup],8,0,9700,9546.024075003515,7462.526100003743,10847.494900008314,65.0,0.04197750342536847,0.0,10000,11000,11000,11000,11000,11000,11000,11000,11000,11000,11000
GET,GET /user/[email],42,0,830,842.7656761913178,698.2204999949317,1079.9816000071587,1633.0,0.22038189298318447,0.0,830,850,890,910,930,960,1100,1100,1100,1100,1100
POST,POST /auth/login,15,0,1000,1058.6514533351874,924.0984000061871,1517.1749000001,56.0,0.07870781892256588,0.0,1000,1000,1100,1100,1100,1500,1500,1500,1500,1500,1500
POST,POST /auth/signup [setup],10,0,3900,3986.348659999203,3515.580699997372,4611.014199996134,65.0,0.052471879281710584,0.0,4100,4100,4300,4300,4600,4600,4600,4600,4600,4600,4600
POST,POST /user/[email]/description,68,0,2800,2865.0616426476677,2329.458299995167,3977.2932000050787,1129.0,0.35680877911563197,0.0,2800,3000,3000,3100,3200,3200,3300,4000,4000,4000,4000
POST,POST /user/[email]/profile-photo,163,0,6300,6307.425353987295,4119.664500001818,8499.479199992493,1126.0613496932515,0.8552916322918825,0.0,6300,6500,6600,6600,6800,7100,8000,8100,8500,8500,8500
,Aggregated,306,0,5900,4543.928541830243,698.2204999949317,10847.494900008314,1081.424836601307,1.6056395060203439,0.0,5900,6300,6400,6500,6700,7300,8500,10000,11000,11000,11000
