Type,Name,Request Count,Failure Count,Median Response Time,Average Response Time,Min Response Time,Max Response Time,Average Content Size,Requests/s,Failures/s,50%,66%,75%,80%,90%,95%,98%,99%,99.9%,99.99%,100%
DELETE,DELETE /user/[email] [cleanup],9,0,14000,13826.750511115986,12218.571500008693,15836.081000015838,65.0,0.04602514299612899,0.0,14000,15000,15000,16000,16000,16000,16000,16000,16000,16000,16000
GET,GET /user/[email],157,0,910,922.4805261136721,717.1412999741733,1220.9019000001717,1715.2038216560509,0.8028830500435834,0.0,910,950,970,1000,1000,1100,1200,1200,1200,1200,1200
POST,POST /auth/login,72,0,1100,1075.7339736103152,926.7154000117444,1231.0758999956306,56.0,0.3682011439690319,0.0,1100,1100,1100,1100,1200,1200,1200,1200,1200,1200,1200
POST,POST /auth/signup [setup],15,0,5700,5884.228126665887,4312.6275000104215,7102.909500012174,65.0,0.07670857166021498,0.0,5700,5800,6600,6900,7100,7100,7100,7100,7100,7100,7100
POST,POST /user/[email]/description,74,0,3200,3284.957029730887,2375.7613000052515,5366.352699988056,1129.0,0.37842895352372724,0.0,3200,3400,3500,3800,3900,4100,4300,5400,5400,5400,5400
POST,POST /user/[email]/profile-photo,186,0,7000,7300.312024732095,3968.181200005347,10703.375800017966,1126.0806451612902,0.9511862885866658,0.0,7000,7400,7800,8000,9100,10000,10000,11000,11000,11000,11000
,Aggregated,513,0,3000,3968.6770409358223,717.1412999741733,15836.081000015838,1106.970760233918,2.623433150779352,0.0,3000,6400,6800,7100,7900,9200,11000,13000,16000,16000,16000
