Type,Name,Request Count,Failure Count,Median Response Time,Average Response Time,Min Response Time,Max Response Time,Average Content Size,Requests/s,Failures/s,50%,66%,75%,80%,90%,95%,98%,99%,99.9%,99.99%,100%
DELETE,DELETE /user/[email] [cleanup],14,0,16000,16454.369285715595,12836.153900017962,18634.22450001235,65.0,0.07057851509461362,0.0,17000,18000,18000,19000,19000,19000,19000,19000,19000,19000,19000
GET,GET /user/[email],220,0,1100,1062.1294813631473,771.9827000109944,1798.8979000074323,1700.0272727272727,1.1090909514867855,0.0,1100,1100,1100,1200,1200,1300,1400,1500,1800,1800,1800
POST,POST /auth/login,95,0,1200,1257.2406757874169,978.1431000155862,1941.8276000069454,56.0,0.478925638142021,0.0,1200,1300,1300,1400,1400,1900,1900,1900,1900,1900,1900
POST,POST /auth/signup [setup],20,0,7200,7363.575474999379,5624.341999995522,9049.467400007416,65.0,0.10082645013516231,0.0,7300,7900,8300,8500,8600,9000,9000,9000,9000,9000,9000
POST,POST /user/[email]/description,79,0,4100,4194.933760759444,2784.175300010247,6802.731500007212,1129.0,0.39826447803389114,0.0,4100,4500,4700,4900,5200,5400,5600,6800,6800,6800,6800
POST,POST /user/[email]/profile-photo,204,0,8900,8876.816625490284,4288.394900009735,12922.674300003564,1126.0980392156862,1.0284297913786555,0.0,8900,9500,10000,10000,11000,11000,12000,13000,13000,13000,13000
,Aggregated,632,0,2800,4545.900930853986,771.9827000109944,18634.22450001235,1108.3085443037974,3.186115824271129,0.0,2800,6500,8300,8700,10000,11000,14000,17000,19000,19000,19000
