Type,Name,Request Count,Failure Count,Median Response Time,Average Response Time,Min Response Time,Max Response Time,Average Content Size,Requests/s,Failures/s,50%,66%,75%,80%,90%,95%,98%,99%,99.9%,99.99%,100%
DELETE,DELETE /user/[email] [cleanup],12,0,13000,12702.236933332946,9781.88890000456,13530.920999997761,65.0,0.062072989461579846,0.0,13000,13000,13000,13000,13000,14000,14000,14000,14000,14000,14000
GET,GET /user/[email],286,0,970,987.8925923077948,726.7766000004485,1454.4873999839183,994.2167832167833,1.4794062488343196,0.0,970,1000,1100,1100,1200,1200,1300,1400,1500,1500,1500
POST,POST /auth/login,158,0,1200,1189.566686075281,974.3648000003304,1650.0948000175413,56.0,0.8172943612441346,0.0,1200,1200,1200,1300,1300,1500,1500,1600,1700,1700,1700
POST,POST /auth/signup [setup],20,0,4600,4713.779480002995,4059.029500000179,5922.500500018941,65.0,0.1034549824359664,0.0,4700,4900,5000,5300,5900,5900,5900,5900,5900,5900,5900
POST,POST /user/[email]/description,450,0,3600,3700.6439391116146,2512.219299998833,5685.500099993078,1129.0,2.3277371048092443,0.0,3600,3900,4100,4300,4700,5000,5400,5500,5700,5700,5700
,Aggregated,926,0,2800,2572.8736751622087,726.7766000004485,13530.920999997761,867.5205183585313,4.789965686785244,0.0,2800,3300,3700,3900,4500,4900,5500,11000,14000,14000,14000
