Type,Name,Request Count,Failure Count,Median Response Time,Average Response Time,Min Response Time,Max Response Time,Average Content Size,Requests/s,Failures/s,50%,66%,75%,80%,90%,95%,98%,99%,99.9%,99.99%,100%
DELETE,DELETE /user/[email] [cleanup],13,0,14000,13295.697715384169,7263.581199993496,16363.583899990772,65.0,0.06629385832078381,0.0,14000,15000,15000,15000,15000,16000,16000,16000,16000,16000,16000
GET,GET /user/[email],490,0,980,992.5062781633104,747.6868999947328,1600.1308999984758,1468.0122448979591,2.498768505937236,0.0,980,1000,1100,1100,1200,1200,1400,1400,1600,1600,1600
POST,POST /auth/login,288,0,1200,1173.0266715278756,923.2698999985587,1574.9293999979272,56.0,1.4686639381835185,0.0,1200,1200,1200,1300,1300,1400,1500,1600,1600,1600,1600
POST,POST /auth/signup [setup],20,0,6900,7151.339210000151,5231.021400002646,9105.612200000905,65.0,0.10199055126274434,0.0,7000,7600,8200,8600,9100,9100,9100,9100,9100,9100,9100
POST,POST /user/[email]/description,56,0,3200,3315.9220446440095,2696.1563999939244,4317.4721999967005,1129.0,0.28557354353568415,0.0,3200,3400,3700,3700,4000,4300,4300,4300,4300,4300,4300
POST,POST /user/[email]/profile-photo,133,0,7100,7017.892969172746,4149.579599994468,9321.764699998312,1126.1503759398497,0.6782371658972498,0.0,7100,7500,8000,8100,8300,8700,9200,9300,9300,9300,9300
,Aggregated,1000,0,1100,2259.102011600089,747.6868999947328,16363.583899990772,950.601,5.099527563137217,0.0,1100,1200,1400,3100,7000,8000,8900,13000,16000,16000,16000
