Type,Name,Request Count,Failure Count,Median Response Time,Average Response Time,Min Response Time,Max Response Time,Average Content Size,Requests/s,Failures/s,50%,66%,75%,80%,90%,95%,98%,99%,99.9%,99.99%,100%
DELETE,DELETE /user/[email] [cleanup],10,0,16000,16177.796969999326,13268.627700017532,18287.04199998174,65.0,0.05050174269737135,0.0,17000,17000,18000,18000,18000,18000,18000,18000,18000,18000,18000
GET,GET /user/[email],187,0,1000,1031.7389957218015,767.805400013458,1599.3840000010096,1683.1818181818182,0.9443825884408442,0.0,1000,1100,1100,1100,1200,1300,1400,1500,1600,1600,1600
POST,POST /auth/login,116,0,1200,1213.4681155176027,1025.874599989038,1699.4954000110738,56.0,0.5858202152895077,0.0,1200,1200,1300,1300,1300,1400,1500,1500,1700,1700,1700
POST,POST /auth/signup [setup],20,0,7200,7115.611875000468,5469.774900004268,9225.551700015785,65.0,0.1010034853947427,0.0,7300,7600,7800,8000,8800,9200,9200,9200,9200,9200,9200
POST,POST /user/[email]/description,95,0,3900,4096.713216842679,2779.140099999495,6858.688800013624,1129.0,0.4797665556250278,0.0,3900,4300,4800,5100,5400,5800,6600,6900,6900,6900,6900
POST,POST /user/[email]/profile-photo,197,0,8900,8804.760665481946,4035.7234999828506,12726.490999979433,1126.1015228426395,0.9948843311382156,0.0,8900,9600,10000,10000,11000,12000,12000,13000,13000,13000,13000
,Aggregated,625,0,3000,4418.421292000027,767.805400013458,18287.04199998174,1043.6768,3.1563589185857093,0.0,3000,5900,7900,8500,10000,11000,13000,15000,18000,18000,18000
