Type,Name,Request Count,Failure Count,Median Response Time,Average Response Time,Min Response Time,Max Response Time,Average Content Size,Requests/s,Failures/s,50%,66%,75%,80%,90%,95%,98%,99%,99.9%,99.99%,100%
DELETE,DELETE /user/[email] [cleanup],6,0,8500,8593.818116666322,7726.204200007487,9091.860300002736,65.0,0.0317732408918728,0.0,8800,8800,9100,9100,9100,9100,9100,9100,9100,9100,9100
GET,GET /user/[email],64,0,910,923.4429968767017,750.2393000031589,1241.2422000052175,1040.0,0.3389145695133099,0.0,910,940,990,1000,1100,1100,1200,1200,1200,1200,1200
POST,POST /auth/login,29,0,1100,1122.8581655174414,967.684500006726,1328.0498999956762,56.0,0.15357066431071853,0.0,1100,1200,1200,1200,1300,1300,1300,1300,1300,1300,1300
POST,POST /auth/signup [setup],15,0,3600,3753.966513334308,3336.8891999998596,4448.565099999541,65.0,0.079433102229682,0.0,3600,3900,4000,4000,4100,4400,4400,4400,4400,4400,4400
POST,POST /user/[email]/description,476,0,3400,3506.3180502103846,2379.3667999998434,5332.503600002383,1129.0,2.5206771107552424,0.0,3400,3700,3800,4000,4300,4400,4900,5100,5300,5300,5300
,Aggregated,590,0,3300,3167.022096441136,750.2393000031589,9091.860300002736,1028.7338983050847,3.1243686877008257,0.0,3300,3500,3800,3900,4200,4400,5100,7700,9100,9100,9100
