Type,Name,Request Count,Failure Count,Median Response Time,Average Response Time,Min Response Time,Max Response Time,Average Content Size,Requests/s,Failures/s,50%,66%,75%,80%,90%,95%,98%,99%,99.9%,99.99%,100%
DELETE,DELETE /user/[email] [cleanup],4,0,7100,6799.429499995313,5389.643799993792,7545.751900004689,65.0,0.021356546009204662,0.0,7200,7200,7500,7500,7500,7500,7500,7500,7500,7500,7500
GET,GET /user/[email],163,0,800,807.449258895708,695.8502000052249,949.8296000092523,1508.9447852760736,0.87027924987509,0.0,800,830,850,870,900,910,930,950,950,950,950
POST,POST /auth/login,94,0,960,966.5689202125538,884.1715999878943,1134.4172000099206,56.0,0.5018788312163095,0.0,960,980,990,1000,1000,1100,1100,1100,1100,1100,1100
POST,POST /auth/signup [setup],5,0,3100,3103.093519998947,2928.849599993555,3299.4031999987783,65.0,0.026695682511505826,0.0,3100,3200,3200,3300,3300,3300,3300,3300,3300,3300,3300
POST,POST /user/[email]/description,18,0,2700,2652.834305554279,2266.4929000020493,2895.4799999919487,1129.0,0.09610445704142097,0.0,2700,2700,2700,2800,2800,2900,2900,2900,2900,2900,2900
POST,POST /user/[email]/profile-photo,27,0,5900,5680.470066667314,3731.080600002315,6526.20079999906,1126.1851851851852,0.14415668556213146,0.0,5900,6000,6300,6300,6300,6400,6500,6500,6500,6500,6500
,Aggregated,311,0,900,1499.3845742763697,695.8502000052249,7545.751900004689,972.7845659163987,1.6604714522156625,0.0,900,950,990,1000,3300,5900,6300,6500,7500,7500,7500
